method,n,threads,repeat,elapsed_seconds
openmp_row_parallel_unblocked,5000,1,0,10.52554488
openmp_row_parallel_unblocked,5000,1,1,10.41567489
openmp_row_parallel_unblocked,5000,1,2,10.51225338
openmp_row_parallel_unblocked,5000,1,3,10.41809587
openmp_row_parallel_unblocked,5000,1,4,10.4932747
openmp_row_parallel_unblocked,5000,2,0,7.099136734
openmp_row_parallel_unblocked,5000,2,1,7.077291087
openmp_row_parallel_unblocked,5000,2,2,7.100963642
openmp_row_parallel_unblocked,5000,2,3,7.080949225
openmp_row_parallel_unblocked,5000,2,4,7.099124083
openmp_row_parallel_unblocked,5000,3,0,4.86386202
openmp_row_parallel_unblocked,5000,3,1,4.876317111
openmp_row_parallel_unblocked,5000,3,2,4.864064414
openmp_row_parallel_unblocked,5000,3,3,4.870291761
openmp_row_parallel_unblocked,5000,3,4,4.861548069
openmp_row_parallel_unblocked,5000,4,0,3.816057446
openmp_row_parallel_unblocked,5000,4,1,3.800686741
openmp_row_parallel_unblocked,5000,4,2,3.815578031
openmp_row_parallel_unblocked,5000,4,3,3.805054234
openmp_row_parallel_unblocked,5000,4,4,3.815865181
openmp_row_parallel_unblocked,5000,5,0,3.289005111
openmp_row_parallel_unblocked,5000,5,1,3.306101057
openmp_row_parallel_unblocked,5000,5,2,3.288049267
openmp_row_parallel_unblocked,5000,5,3,3.306528113
openmp_row_parallel_unblocked,5000,5,4,3.287105683
openmp_row_parallel_unblocked,5000,6,0,2.753099438
openmp_row_parallel_unblocked,5000,6,1,2.74054866
openmp_row_parallel_unblocked,5000,6,2,2.754857659
openmp_row_parallel_unblocked,5000,6,3,2.747118257
openmp_row_parallel_unblocked,5000,6,4,2.757555915
openmp_row_parallel_unblocked,5000,7,0,2.526908777
openmp_row_parallel_unblocked,5000,7,1,2.539949654
openmp_row_parallel_unblocked,5000,7,2,2.526275703
openmp_row_parallel_unblocked,5000,7,3,2.540450776
openmp_row_parallel_unblocked,5000,7,4,2.526355574
openmp_row_parallel_unblocked,5000,8,0,2.28582917
openmp_row_parallel_unblocked,5000,8,1,2.27675049
openmp_row_parallel_unblocked,5000,8,2,2.286541774
openmp_row_parallel_unblocked,5000,8,3,2.275103292
openmp_row_parallel_unblocked,5000,8,4,2.287583458
openmp_row_parallel_unblocked,5000,9,0,2.163565894
openmp_row_parallel_unblocked,5000,9,1,2.175768747
openmp_row_parallel_unblocked,5000,9,2,2.163584568
openmp_row_parallel_unblocked,5000,9,3,2.175445314
openmp_row_parallel_unblocked,5000,9,4,2.16339945
openmp_row_parallel_unblocked,5000,10,0,2.028685735
openmp_row_parallel_unblocked,5000,10,1,2.018419307
openmp_row_parallel_unblocked,5000,10,2,2.028267142
openmp_row_parallel_unblocked,5000,10,3,2.018085384
openmp_row_parallel_unblocked,5000,10,4,2.028578061
openmp_row_parallel_unblocked,5000,11,0,2.036522363
openmp_row_parallel_unblocked,5000,11,1,2.052671738
openmp_row_parallel_unblocked,5000,11,2,2.0367788
openmp_row_parallel_unblocked,5000,11,3,2.055445226
openmp_row_parallel_unblocked,5000,11,4,2.036516578
openmp_row_parallel_unblocked,5000,12,0,1.83254328
openmp_row_parallel_unblocked,5000,12,1,1.822143025
openmp_row_parallel_unblocked,5000,12,2,1.832360421
openmp_row_parallel_unblocked,5000,12,3,1.821512322
openmp_row_parallel_unblocked,5000,12,4,1.832214966
openmp_row_parallel_unblocked,5000,13,0,1.853668083
openmp_row_parallel_unblocked,5000,13,1,1.867946687
openmp_row_parallel_unblocked,5000,13,2,1.853432629
openmp_row_parallel_unblocked,5000,13,3,1.868209408
openmp_row_parallel_unblocked,5000,13,4,1.854036082
openmp_row_parallel_unblocked,5000,14,0,1.805507586
openmp_row_parallel_unblocked,5000,14,1,1.789984376
openmp_row_parallel_unblocked,5000,14,2,1.806016512
openmp_row_parallel_unblocked,5000,14,3,1.78926707
openmp_row_parallel_unblocked,5000,14,4,1.808320108
openmp_row_parallel_unblocked,5000,15,0,1.750419749
openmp_row_parallel_unblocked,5000,15,1,1.768241157
openmp_row_parallel_unblocked,5000,15,2,1.74983252
openmp_row_parallel_unblocked,5000,15,3,1.768600224
openmp_row_parallel_unblocked,5000,15,4,1.750778286
openmp_row_parallel_unblocked,5000,16,0,1.588899274
openmp_row_parallel_unblocked,5000,16,1,1.573701171
openmp_row_parallel_unblocked,5000,16,2,1.588975406
openmp_row_parallel_unblocked,5000,16,3,1.572443578
openmp_row_parallel_unblocked,5000,16,4,1.589087272
openmp_row_parallel_unblocked,5000,17,0,1.625657343
openmp_row_parallel_unblocked,5000,17,1,1.644251163
openmp_row_parallel_unblocked,5000,17,2,1.624903522
openmp_row_parallel_unblocked,5000,17,3,1.644716192
openmp_row_parallel_unblocked,5000,17,4,1.62505613
openmp_row_parallel_unblocked,5000,18,0,1.615179076
openmp_row_parallel_unblocked,5000,18,1,1.596383063
openmp_row_parallel_unblocked,5000,18,2,1.61566107
openmp_row_parallel_unblocked,5000,18,3,1.5958441
openmp_row_parallel_unblocked,5000,18,4,1.615829879
openmp_row_parallel_unblocked,5000,19,0,1.444681405
openmp_row_parallel_unblocked,5000,19,1,1.464574926
openmp_row_parallel_unblocked,5000,19,2,1.445734449
openmp_row_parallel_unblocked,5000,19,3,1.464568645
openmp_row_parallel_unblocked,5000,19,4,1.445292394
openmp_row_parallel_unblocked,5000,20,0,1.523083353
openmp_row_parallel_unblocked,5000,20,1,1.502323071
openmp_row_parallel_unblocked,5000,20,2,1.522052615
openmp_row_parallel_unblocked,5000,20,3,1.502489686
openmp_row_parallel_unblocked,5000,20,4,1.522620765
openmp_row_parallel_unblocked,5000,21,0,1.525882799
openmp_row_parallel_unblocked,5000,21,1,1.543449489
openmp_row_parallel_unblocked,5000,21,2,1.527528647
openmp_row_parallel_unblocked,5000,21,3,1.545119993
openmp_row_parallel_unblocked,5000,21,4,1.526147539
openmp_row_parallel_unblocked,5000,22,0,1.3651493
openmp_row_parallel_unblocked,5000,22,1,1.343852414
openmp_row_parallel_unblocked,5000,22,2,1.363173358
openmp_row_parallel_unblocked,5000,22,3,1.343376094
openmp_row_parallel_unblocked,5000,22,4,1.362860469
openmp_row_parallel_unblocked,5000,23,0,1.463437792
openmp_row_parallel_unblocked,5000,23,1,1.483856627
openmp_row_parallel_unblocked,5000,23,2,1.462946808
openmp_row_parallel_unblocked,5000,23,3,1.48346181
openmp_row_parallel_unblocked,5000,23,4,1.463214646
openmp_row_parallel_unblocked,5000,24,0,1.475030056
openmp_row_parallel_unblocked,5000,24,1,1.456314838
openmp_row_parallel_unblocked,5000,24,2,1.476255661
openmp_row_parallel_unblocked,5000,24,3,1.455119708
openmp_row_parallel_unblocked,5000,24,4,1.475215833
openmp_row_parallel_unblocked,5000,25,0,1.296311609
openmp_row_parallel_unblocked,5000,25,1,1.317655933
openmp_row_parallel_unblocked,5000,25,2,1.296611628
openmp_row_parallel_unblocked,5000,25,3,1.318761125
openmp_row_parallel_unblocked,5000,25,4,1.296794642
openmp_row_parallel_unblocked,5000,26,0,1.464557961
openmp_row_parallel_unblocked,5000,26,1,1.443200158
openmp_row_parallel_unblocked,5000,26,2,1.462981242
openmp_row_parallel_unblocked,5000,26,3,1.44251117
openmp_row_parallel_unblocked,5000,26,4,1.463471141
openmp_row_parallel_unblocked,5000,27,0,1.436804887
openmp_row_parallel_unblocked,5000,27,1,1.455711891
openmp_row_parallel_unblocked,5000,27,2,1.435405227
openmp_row_parallel_unblocked,5000,27,3,1.455375855
openmp_row_parallel_unblocked,5000,27,4,1.435242523
openmp_row_parallel_unblocked,5000,28,0,1.279078525
openmp_row_parallel_unblocked,5000,28,1,1.253823884
openmp_row_parallel_unblocked,5000,28,2,1.278753295
openmp_row_parallel_unblocked,5000,28,3,1.253107954
openmp_row_parallel_unblocked,5000,28,4,1.278412883
openmp_row_parallel_unblocked,5000,29,0,1.410041399
openmp_row_parallel_unblocked,5000,29,1,1.434063567
openmp_row_parallel_unblocked,5000,29,2,1.410089564
openmp_row_parallel_unblocked,5000,29,3,1.433914843
openmp_row_parallel_unblocked,5000,29,4,1.409239086
openmp_row_parallel_unblocked,5000,30,0,1.413623644
openmp_row_parallel_unblocked,5000,30,1,1.390765055
openmp_row_parallel_unblocked,5000,30,2,1.414295828
openmp_row_parallel_unblocked,5000,30,3,1.38836802
openmp_row_parallel_unblocked,5000,30,4,1.41425566
openmp_row_parallel_unblocked,5000,31,0,1.21791118
openmp_row_parallel_unblocked,5000,31,1,1.245793863
openmp_row_parallel_unblocked,5000,31,2,1.216377952
openmp_row_parallel_unblocked,5000,31,3,1.244696313
openmp_row_parallel_unblocked,5000,31,4,1.217379137
openmp_row_parallel_unblocked,5000,32,0,1.39667245
openmp_row_parallel_unblocked,5000,32,1,1.366322189
openmp_row_parallel_unblocked,5000,32,2,1.394550313
openmp_row_parallel_unblocked,5000,32,3,1.368669832
openmp_row_parallel_unblocked,5000,32,4,1.394049795
openmp_row_parallel_unblocked,5000,33,0,1.183334239
openmp_row_parallel_unblocked,5000,33,1,1.213413218
openmp_row_parallel_unblocked,5000,33,2,1.18350625
openmp_row_parallel_unblocked,5000,33,3,1.213289732
openmp_row_parallel_unblocked,5000,33,4,1.183338289
openmp_row_parallel_unblocked,5000,34,0,1.316549637
openmp_row_parallel_unblocked,5000,34,1,1.283074572
openmp_row_parallel_unblocked,5000,34,2,1.316305446
openmp_row_parallel_unblocked,5000,34,3,1.284443889
openmp_row_parallel_unblocked,5000,34,4,1.316940283
openmp_row_parallel_unblocked,5000,35,0,1.198229641
openmp_row_parallel_unblocked,5000,35,1,1.229318485
openmp_row_parallel_unblocked,5000,35,2,1.198143423
openmp_row_parallel_unblocked,5000,35,3,1.228646015
openmp_row_parallel_unblocked,5000,35,4,1.197138691
openmp_row_parallel_unblocked,5000,36,0,1.191131111
openmp_row_parallel_unblocked,5000,36,1,1.160445579
openmp_row_parallel_unblocked,5000,36,2,1.191325611
openmp_row_parallel_unblocked,5000,36,3,1.160088175
openmp_row_parallel_unblocked,5000,36,4,1.190460883
openmp_row_parallel_unblocked,5000,37,0,1.165639646
openmp_row_parallel_unblocked,5000,37,1,1.198811008
openmp_row_parallel_unblocked,5000,37,2,1.164679417
openmp_row_parallel_unblocked,5000,37,3,1.199615724
openmp_row_parallel_unblocked,5000,37,4,1.164697483
openmp_row_parallel_unblocked,5000,38,0,1.1944256
openmp_row_parallel_unblocked,5000,38,1,1.16535041
openmp_row_parallel_unblocked,5000,38,2,1.194348099
openmp_row_parallel_unblocked,5000,38,3,1.163695699
openmp_row_parallel_unblocked,5000,38,4,1.19496907
openmp_row_parallel_unblocked,5000,39,0,1.349803536
openmp_row_parallel_unblocked,5000,39,1,1.371781528
openmp_row_parallel_unblocked,5000,39,2,1.350192049
openmp_row_parallel_unblocked,5000,39,3,1.371042851
openmp_row_parallel_unblocked,5000,39,4,1.350235541
openmp_row_parallel_unblocked,5000,40,0,1.155141897
openmp_row_parallel_unblocked,5000,40,1,1.124336853
openmp_row_parallel_unblocked,5000,40,2,1.155775636
openmp_row_parallel_unblocked,5000,40,3,1.124476127
openmp_row_parallel_unblocked,5000,40,4,1.154606358
openmp_row_parallel_unblocked,5000,41,0,1.15685111
openmp_row_parallel_unblocked,5000,41,1,1.18499267
openmp_row_parallel_unblocked,5000,41,2,1.156490683
openmp_row_parallel_unblocked,5000,41,3,1.183117342
openmp_row_parallel_unblocked,5000,41,4,1.156104165
openmp_row_parallel_unblocked,5000,42,0,1.166231509
openmp_row_parallel_unblocked,5000,42,1,1.138576272
openmp_row_parallel_unblocked,5000,42,2,1.166369509
openmp_row_parallel_unblocked,5000,42,3,1.139948754
openmp_row_parallel_unblocked,5000,42,4,1.166787574
openmp_row_parallel_unblocked,5000,43,0,1.125864968
openmp_row_parallel_unblocked,5000,43,1,1.150634276
openmp_row_parallel_unblocked,5000,43,2,1.126277791
openmp_row_parallel_unblocked,5000,43,3,1.15044813
openmp_row_parallel_unblocked,5000,43,4,1.126019615
openmp_row_parallel_unblocked,5000,44,0,1.150788577
openmp_row_parallel_unblocked,5000,44,1,1.125808785
openmp_row_parallel_unblocked,5000,44,2,1.152424254
openmp_row_parallel_unblocked,5000,44,3,1.124874053
openmp_row_parallel_unblocked,5000,44,4,1.150533359
openmp_row_parallel_unblocked,5000,45,0,1.365219657
openmp_row_parallel_unblocked,5000,45,1,1.380653064
openmp_row_parallel_unblocked,5000,45,2,1.363780005
openmp_row_parallel_unblocked,5000,45,3,1.380618581
openmp_row_parallel_unblocked,5000,45,4,1.366502434
openmp_row_parallel_unblocked,5000,46,0,1.160523287
openmp_row_parallel_unblocked,5000,46,1,1.136353157
openmp_row_parallel_unblocked,5000,46,2,1.158427961
openmp_row_parallel_unblocked,5000,46,3,1.135226039
openmp_row_parallel_unblocked,5000,46,4,1.158941011
openmp_row_parallel_unblocked,5000,47,0,1.136226635
openmp_row_parallel_unblocked,5000,47,1,1.158151963
openmp_row_parallel_unblocked,5000,47,2,1.135472811
openmp_row_parallel_unblocked,5000,47,3,1.157084879
openmp_row_parallel_unblocked,5000,47,4,1.13612426
openmp_row_parallel_unblocked,5000,48,0,1.112870786
openmp_row_parallel_unblocked,5000,48,1,1.093793239
openmp_row_parallel_unblocked,5000,48,2,1.112519744
openmp_row_parallel_unblocked,5000,48,3,1.093857013
openmp_row_parallel_unblocked,5000,48,4,1.112774977
openmp_row_parallel_unblocked,5000,49,0,1.103402383
openmp_row_parallel_unblocked,5000,49,1,1.129689504
openmp_row_parallel_unblocked,5000,49,2,1.102253308
openmp_row_parallel_unblocked,5000,49,3,1.127169892
openmp_row_parallel_unblocked,5000,49,4,1.101819906
openmp_row_parallel_unblocked,5000,50,0,1.142792108
openmp_row_parallel_unblocked,5000,50,1,1.125091274
openmp_row_parallel_unblocked,5000,50,2,1.145118085
openmp_row_parallel_unblocked,5000,50,3,1.125062584
openmp_row_parallel_unblocked,5000,50,4,1.143583049
openmp_row_parallel_unblocked,5000,51,0,1.365423184
openmp_row_parallel_unblocked,5000,51,1,1.374256921
openmp_row_parallel_unblocked,5000,51,2,1.362999022
openmp_row_parallel_unblocked,5000,51,3,1.374479709
openmp_row_parallel_unblocked,5000,51,4,1.36651727
openmp_row_parallel_unblocked,5000,52,0,1.126541596
openmp_row_parallel_unblocked,5000,52,1,1.108363649
openmp_row_parallel_unblocked,5000,52,2,1.12654623
openmp_row_parallel_unblocked,5000,52,3,1.108621456
openmp_row_parallel_unblocked,5000,52,4,1.126496018
openmp_row_parallel_unblocked,5000,53,0,1.153511081
openmp_row_parallel_unblocked,5000,53,1,1.169338829
openmp_row_parallel_unblocked,5000,53,2,1.154906734
openmp_row_parallel_unblocked,5000,53,3,1.170347798
openmp_row_parallel_unblocked,5000,53,4,1.152755137
openmp_row_parallel_unblocked,5000,54,0,1.150945125
openmp_row_parallel_unblocked,5000,54,1,1.131244578
openmp_row_parallel_unblocked,5000,54,2,1.149625524
openmp_row_parallel_unblocked,5000,54,3,1.132529224
openmp_row_parallel_unblocked,5000,54,4,1.149829658
openmp_row_parallel_unblocked,5000,55,0,1.199986771
openmp_row_parallel_unblocked,5000,55,1,1.217588583
openmp_row_parallel_unblocked,5000,55,2,1.202462155
openmp_row_parallel_unblocked,5000,55,3,1.216079174
openmp_row_parallel_unblocked,5000,55,4,1.200551778
openmp_row_parallel_unblocked,5000,56,0,1.17353411
openmp_row_parallel_unblocked,5000,56,1,1.158531367
openmp_row_parallel_unblocked,5000,56,2,1.174884848
openmp_row_parallel_unblocked,5000,56,3,1.158491998
openmp_row_parallel_unblocked,5000,56,4,1.173453575
openmp_row_parallel_unblocked,5000,57,0,1.390133374
openmp_row_parallel_unblocked,5000,57,1,1.391549451
openmp_row_parallel_unblocked,5000,57,2,1.387675237
openmp_row_parallel_unblocked,5000,57,3,1.391226562
openmp_row_parallel_unblocked,5000,57,4,1.388278687
openmp_row_parallel_unblocked,5000,58,0,1.168097083
openmp_row_parallel_unblocked,5000,58,1,1.155284
openmp_row_parallel_unblocked,5000,58,2,1.170231327
openmp_row_parallel_unblocked,5000,58,3,1.15760917
openmp_row_parallel_unblocked,5000,58,4,1.16979336
openmp_row_parallel_unblocked,5000,59,0,1.207497975
openmp_row_parallel_unblocked,5000,59,1,1.220600263
openmp_row_parallel_unblocked,5000,59,2,1.210164535
openmp_row_parallel_unblocked,5000,59,3,1.22103513
openmp_row_parallel_unblocked,5000,59,4,1.2095173
openmp_row_parallel_unblocked,5000,60,0,1.249958975
openmp_row_parallel_unblocked,5000,60,1,1.241487704
openmp_row_parallel_unblocked,5000,60,2,1.248011286
openmp_row_parallel_unblocked,5000,60,3,1.242164769
openmp_row_parallel_unblocked,5000,60,4,1.246516719
openmp_row_parallel_unblocked,5000,61,0,1.211077703
openmp_row_parallel_unblocked,5000,61,1,1.228018806
openmp_row_parallel_unblocked,5000,61,2,1.212058128
openmp_row_parallel_unblocked,5000,61,3,1.2279242
openmp_row_parallel_unblocked,5000,61,4,1.212779708
openmp_row_parallel_unblocked,5000,62,0,1.239089435
openmp_row_parallel_unblocked,5000,62,1,1.232826684
openmp_row_parallel_unblocked,5000,62,2,1.239808083
openmp_row_parallel_unblocked,5000,62,3,1.229298782
openmp_row_parallel_unblocked,5000,62,4,1.238446948
openmp_row_parallel_unblocked,5000,63,0,1.454760551
openmp_row_parallel_unblocked,5000,63,1,1.458195536
openmp_row_parallel_unblocked,5000,63,2,1.45361965
openmp_row_parallel_unblocked,5000,63,3,1.456292894
openmp_row_parallel_unblocked,5000,63,4,1.45512012
openmp_row_parallel_unblocked,5000,64,0,1.476985842
openmp_row_parallel_unblocked,5000,64,1,1.471252908
openmp_row_parallel_unblocked,5000,64,2,1.474952468
openmp_row_parallel_unblocked,5000,64,3,1.473594753
openmp_row_parallel_unblocked,5000,64,4,1.479019648
openmp_row_parallel_unblocked,5000,65,0,1.297910621
openmp_row_parallel_unblocked,5000,65,1,1.304787658
openmp_row_parallel_unblocked,5000,65,2,1.297175676
openmp_row_parallel_unblocked,5000,65,3,1.306585174
openmp_row_parallel_unblocked,5000,65,4,1.297336341
openmp_row_parallel_unblocked,5000,66,0,1.50137031
openmp_row_parallel_unblocked,5000,66,1,1.501969773
openmp_row_parallel_unblocked,5000,66,2,1.501272878
openmp_row_parallel_unblocked,5000,66,3,1.501676955
openmp_row_parallel_unblocked,5000,66,4,1.502653931
openmp_row_parallel_unblocked,5000,67,0,1.283889936
openmp_row_parallel_unblocked,5000,67,1,1.288343889
openmp_row_parallel_unblocked,5000,67,2,1.283106167
openmp_row_parallel_unblocked,5000,67,3,1.285432327
openmp_row_parallel_unblocked,5000,67,4,1.283213849
openmp_row_parallel_unblocked,5000,68,0,1.519396941
openmp_row_parallel_unblocked,5000,68,1,1.518685004
openmp_row_parallel_unblocked,5000,68,2,1.518518899
openmp_row_parallel_unblocked,5000,68,3,1.519670344
openmp_row_parallel_unblocked,5000,68,4,1.51818969
openmp_row_parallel_unblocked,5000,69,0,1.55270705
openmp_row_parallel_unblocked,5000,69,1,1.552298347
openmp_row_parallel_unblocked,5000,69,2,1.550312098
openmp_row_parallel_unblocked,5000,69,3,1.548085873
openmp_row_parallel_unblocked,5000,69,4,1.550094137
openmp_row_parallel_unblocked,5000,70,0,1.344949686
openmp_row_parallel_unblocked,5000,70,1,1.341622257
openmp_row_parallel_unblocked,5000,70,2,1.34323902
openmp_row_parallel_unblocked,5000,70,3,1.342302867
openmp_row_parallel_unblocked,5000,70,4,1.344931033
openmp_row_parallel_unblocked,5000,71,0,1.603145478
openmp_row_parallel_unblocked,5000,71,1,1.596632052
openmp_row_parallel_unblocked,5000,71,2,1.604544672
openmp_row_parallel_unblocked,5000,71,3,1.594008437
openmp_row_parallel_unblocked,5000,71,4,1.604252787
openmp_row_parallel_unblocked,5000,72,0,1.575718917
openmp_row_parallel_unblocked,5000,72,1,1.579066826
openmp_row_parallel_unblocked,5000,72,2,1.575740033
openmp_row_parallel_unblocked,5000,72,3,1.576253002
openmp_row_parallel_unblocked,5000,72,4,1.575466705
openmp_row_parallel_unblocked,5000,73,0,1.398355248
openmp_row_parallel_unblocked,5000,73,1,1.39942292
openmp_row_parallel_unblocked,5000,73,2,1.398967024
openmp_row_parallel_unblocked,5000,73,3,1.399815072
openmp_row_parallel_unblocked,5000,73,4,1.398879219
openmp_row_parallel_unblocked,5000,74,0,1.608534935
openmp_row_parallel_unblocked,5000,74,1,1.620342788
openmp_row_parallel_unblocked,5000,74,2,1.608732979
openmp_row_parallel_unblocked,5000,74,3,1.620865855
openmp_row_parallel_unblocked,5000,74,4,1.607273294
openmp_row_parallel_unblocked,5000,75,0,1.616013419
openmp_row_parallel_unblocked,5000,75,1,1.614598506
openmp_row_parallel_unblocked,5000,75,2,1.617519908
openmp_row_parallel_unblocked,5000,75,3,1.614653743
openmp_row_parallel_unblocked,5000,75,4,1.614243332
openmp_row_parallel_unblocked,5000,76,0,1.475752752
openmp_row_parallel_unblocked,5000,76,1,1.478267884
openmp_row_parallel_unblocked,5000,76,2,1.475274618
openmp_row_parallel_unblocked,5000,76,3,1.476763106
openmp_row_parallel_unblocked,5000,76,4,1.472630927
openmp_tile_parallel_blocked,5000,1,0,3.782357463
openmp_tile_parallel_blocked,5000,1,1,3.766401929
openmp_tile_parallel_blocked,5000,1,2,3.772903135
openmp_tile_parallel_blocked,5000,1,3,3.767046217
openmp_tile_parallel_blocked,5000,1,4,3.768032815
openmp_tile_parallel_blocked,5000,2,0,1.982772094
openmp_tile_parallel_blocked,5000,2,1,1.972241955
openmp_tile_parallel_blocked,5000,2,2,1.976577893
openmp_tile_parallel_blocked,5000,2,3,1.975497463
openmp_tile_parallel_blocked,5000,2,4,1.974250289
openmp_tile_parallel_blocked,5000,3,0,1.340160325
openmp_tile_parallel_blocked,5000,3,1,1.339554183
openmp_tile_parallel_blocked,5000,3,2,1.339379937
openmp_tile_parallel_blocked,5000,3,3,1.337321785
openmp_tile_parallel_blocked,5000,3,4,1.337644534
openmp_tile_parallel_blocked,5000,4,0,1.026698061
openmp_tile_parallel_blocked,5000,4,1,1.026860257
openmp_tile_parallel_blocked,5000,4,2,1.025776443
openmp_tile_parallel_blocked,5000,4,3,1.026977785
openmp_tile_parallel_blocked,5000,4,4,1.031343901
openmp_tile_parallel_blocked,5000,5,0,0.836586626
openmp_tile_parallel_blocked,5000,5,1,0.837359024
openmp_tile_parallel_blocked,5000,5,2,0.836468047
openmp_tile_parallel_blocked,5000,5,3,0.836158556
openmp_tile_parallel_blocked,5000,5,4,0.836619154
openmp_tile_parallel_blocked,5000,6,0,0.711011283
openmp_tile_parallel_blocked,5000,6,1,0.711191182
openmp_tile_parallel_blocked,5000,6,2,0.711420544
openmp_tile_parallel_blocked,5000,6,3,0.713886813
openmp_tile_parallel_blocked,5000,6,4,0.711925669
openmp_tile_parallel_blocked,5000,7,0,0.622452037
openmp_tile_parallel_blocked,5000,7,1,0.622127576
openmp_tile_parallel_blocked,5000,7,2,0.621911838
openmp_tile_parallel_blocked,5000,7,3,0.62219908
openmp_tile_parallel_blocked,5000,7,4,0.621988359
openmp_tile_parallel_blocked,5000,8,0,0.554974925
openmp_tile_parallel_blocked,5000,8,1,0.554651529
openmp_tile_parallel_blocked,5000,8,2,0.556663841
openmp_tile_parallel_blocked,5000,8,3,0.554847766
openmp_tile_parallel_blocked,5000,8,4,0.555038116
openmp_tile_parallel_blocked,5000,9,0,0.502225865
openmp_tile_parallel_blocked,5000,9,1,0.502506872
openmp_tile_parallel_blocked,5000,9,2,0.502430349
openmp_tile_parallel_blocked,5000,9,3,0.50230992
openmp_tile_parallel_blocked,5000,9,4,0.503669892
openmp_tile_parallel_blocked,5000,10,0,0.460814929
openmp_tile_parallel_blocked,5000,10,1,0.46044223
openmp_tile_parallel_blocked,5000,10,2,0.460257996
openmp_tile_parallel_blocked,5000,10,3,0.460463369
openmp_tile_parallel_blocked,5000,10,4,0.460812428
openmp_tile_parallel_blocked,5000,11,0,0.42596335
openmp_tile_parallel_blocked,5000,11,1,0.42604576
openmp_tile_parallel_blocked,5000,11,2,0.425828866
openmp_tile_parallel_blocked,5000,11,3,0.426054347
openmp_tile_parallel_blocked,5000,11,4,0.425919808
openmp_tile_parallel_blocked,5000,12,0,0.397685315
openmp_tile_parallel_blocked,5000,12,1,0.397429468
openmp_tile_parallel_blocked,5000,12,2,0.397688666
openmp_tile_parallel_blocked,5000,12,3,0.397408525
openmp_tile_parallel_blocked,5000,12,4,0.397509943
openmp_tile_parallel_blocked,5000,13,0,0.373517246
openmp_tile_parallel_blocked,5000,13,1,0.373692819
openmp_tile_parallel_blocked,5000,13,2,0.3736073
openmp_tile_parallel_blocked,5000,13,3,0.374121734
openmp_tile_parallel_blocked,5000,13,4,0.373604399
openmp_tile_parallel_blocked,5000,14,0,0.353073764
openmp_tile_parallel_blocked,5000,14,1,0.35290371
openmp_tile_parallel_blocked,5000,14,2,0.352940462
openmp_tile_parallel_blocked,5000,14,3,0.352804699
openmp_tile_parallel_blocked,5000,14,4,0.35291811
openmp_tile_parallel_blocked,5000,15,0,0.335456131
openmp_tile_parallel_blocked,5000,15,1,0.335309164
openmp_tile_parallel_blocked,5000,15,2,0.335603652
openmp_tile_parallel_blocked,5000,15,3,0.335244421
openmp_tile_parallel_blocked,5000,15,4,0.335298332
openmp_tile_parallel_blocked,5000,16,0,0.320085713
openmp_tile_parallel_blocked,5000,16,1,0.319577835
openmp_tile_parallel_blocked,5000,16,2,0.31944581
openmp_tile_parallel_blocked,5000,16,3,0.319579811
openmp_tile_parallel_blocked,5000,16,4,0.319740459
openmp_tile_parallel_blocked,5000,17,0,0.3062986
openmp_tile_parallel_blocked,5000,17,1,0.306657795
openmp_tile_parallel_blocked,5000,17,2,0.30610553
openmp_tile_parallel_blocked,5000,17,3,0.30625457
openmp_tile_parallel_blocked,5000,17,4,0.306126088
openmp_tile_parallel_blocked,5000,18,0,0.294618881
openmp_tile_parallel_blocked,5000,18,1,0.294455561
openmp_tile_parallel_blocked,5000,18,2,0.294597688
openmp_tile_parallel_blocked,5000,18,3,0.294481169
openmp_tile_parallel_blocked,5000,18,4,0.294351697
openmp_tile_parallel_blocked,5000,19,0,0.283388928
openmp_tile_parallel_blocked,5000,19,1,0.283301116
openmp_tile_parallel_blocked,5000,19,2,0.283144589
openmp_tile_parallel_blocked,5000,19,3,0.283520483
openmp_tile_parallel_blocked,5000,19,4,0.283298841
openmp_tile_parallel_blocked,5000,20,0,0.273846789
openmp_tile_parallel_blocked,5000,20,1,0.273750582
openmp_tile_parallel_blocked,5000,20,2,0.273671198
openmp_tile_parallel_blocked,5000,20,3,0.273597623
openmp_tile_parallel_blocked,5000,20,4,0.273871457
openmp_tile_parallel_blocked,5000,21,0,0.265568755
openmp_tile_parallel_blocked,5000,21,1,0.265378449
openmp_tile_parallel_blocked,5000,21,2,0.26555404
openmp_tile_parallel_blocked,5000,21,3,0.265510768
openmp_tile_parallel_blocked,5000,21,4,0.265336549
openmp_tile_parallel_blocked,5000,22,0,0.256693431
openmp_tile_parallel_blocked,5000,22,1,0.256776219
openmp_tile_parallel_blocked,5000,22,2,0.256999792
openmp_tile_parallel_blocked,5000,22,3,0.256624217
openmp_tile_parallel_blocked,5000,22,4,0.256945346
openmp_tile_parallel_blocked,5000,23,0,0.250577843
openmp_tile_parallel_blocked,5000,23,1,0.250355876
openmp_tile_parallel_blocked,5000,23,2,0.250520079
openmp_tile_parallel_blocked,5000,23,3,0.249859026
openmp_tile_parallel_blocked,5000,23,4,0.250311601
openmp_tile_parallel_blocked,5000,24,0,0.24386499
openmp_tile_parallel_blocked,5000,24,1,0.243480759
openmp_tile_parallel_blocked,5000,24,2,0.243446586
openmp_tile_parallel_blocked,5000,24,3,0.243672387
openmp_tile_parallel_blocked,5000,24,4,0.243529724
openmp_tile_parallel_blocked,5000,25,0,0.238057403
openmp_tile_parallel_blocked,5000,25,1,0.237389343
openmp_tile_parallel_blocked,5000,25,2,0.237850737
openmp_tile_parallel_blocked,5000,25,3,0.237575277
openmp_tile_parallel_blocked,5000,25,4,0.237666839
openmp_tile_parallel_blocked,5000,26,0,0.23326113
openmp_tile_parallel_blocked,5000,26,1,0.232651914
openmp_tile_parallel_blocked,5000,26,2,0.232470526
openmp_tile_parallel_blocked,5000,26,3,0.232640818
openmp_tile_parallel_blocked,5000,26,4,0.232523956
openmp_tile_parallel_blocked,5000,27,0,0.227185997
openmp_tile_parallel_blocked,5000,27,1,0.227048898
openmp_tile_parallel_blocked,5000,27,2,0.22679288
openmp_tile_parallel_blocked,5000,27,3,0.226763077
openmp_tile_parallel_blocked,5000,27,4,0.226536935
openmp_tile_parallel_blocked,5000,28,0,0.223283659
openmp_tile_parallel_blocked,5000,28,1,0.222752933
openmp_tile_parallel_blocked,5000,28,2,0.222930114
openmp_tile_parallel_blocked,5000,28,3,0.223893215
openmp_tile_parallel_blocked,5000,28,4,0.22322809
openmp_tile_parallel_blocked,5000,29,0,0.219541264
openmp_tile_parallel_blocked,5000,29,1,0.219230759
openmp_tile_parallel_blocked,5000,29,2,0.219353763
openmp_tile_parallel_blocked,5000,29,3,0.219272564
openmp_tile_parallel_blocked,5000,29,4,0.219369339
openmp_tile_parallel_blocked,5000,30,0,0.215337008
openmp_tile_parallel_blocked,5000,30,1,0.214570096
openmp_tile_parallel_blocked,5000,30,2,0.215013717
openmp_tile_parallel_blocked,5000,30,3,0.215052831
openmp_tile_parallel_blocked,5000,30,4,0.214874403
openmp_tile_parallel_blocked,5000,31,0,0.211674996
openmp_tile_parallel_blocked,5000,31,1,0.212292574
openmp_tile_parallel_blocked,5000,31,2,0.211056878
openmp_tile_parallel_blocked,5000,31,3,0.212259464
openmp_tile_parallel_blocked,5000,31,4,0.212123673
openmp_tile_parallel_blocked,5000,32,0,0.209108405
openmp_tile_parallel_blocked,5000,32,1,0.209652033
openmp_tile_parallel_blocked,5000,32,2,0.20942192
openmp_tile_parallel_blocked,5000,32,3,0.209544763
openmp_tile_parallel_blocked,5000,32,4,0.208684463
openmp_tile_parallel_blocked,5000,33,0,0.207106252
openmp_tile_parallel_blocked,5000,33,1,0.206829417
openmp_tile_parallel_blocked,5000,33,2,0.207275413
openmp_tile_parallel_blocked,5000,33,3,0.207390158
openmp_tile_parallel_blocked,5000,33,4,0.207898209
openmp_tile_parallel_blocked,5000,34,0,0.20433391
openmp_tile_parallel_blocked,5000,34,1,0.203567658
openmp_tile_parallel_blocked,5000,34,2,0.203582816
openmp_tile_parallel_blocked,5000,34,3,0.203787378
openmp_tile_parallel_blocked,5000,34,4,0.204031243
openmp_tile_parallel_blocked,5000,35,0,0.202499106
openmp_tile_parallel_blocked,5000,35,1,0.202198775
openmp_tile_parallel_blocked,5000,35,2,0.202535519
openmp_tile_parallel_blocked,5000,35,3,0.201999044
openmp_tile_parallel_blocked,5000,35,4,0.202393607
openmp_tile_parallel_blocked,5000,36,0,0.199513609
openmp_tile_parallel_blocked,5000,36,1,0.198862046
openmp_tile_parallel_blocked,5000,36,2,0.199340966
openmp_tile_parallel_blocked,5000,36,3,0.199583102
openmp_tile_parallel_blocked,5000,36,4,0.199330805
openmp_tile_parallel_blocked,5000,37,0,0.198965257
openmp_tile_parallel_blocked,5000,37,1,0.199144625
openmp_tile_parallel_blocked,5000,37,2,0.198756709
openmp_tile_parallel_blocked,5000,37,3,0.198744452
openmp_tile_parallel_blocked,5000,37,4,0.198505334
openmp_tile_parallel_blocked,5000,38,0,0.196489555
openmp_tile_parallel_blocked,5000,38,1,0.197205549
openmp_tile_parallel_blocked,5000,38,2,0.195572904
openmp_tile_parallel_blocked,5000,38,3,0.195925048
openmp_tile_parallel_blocked,5000,38,4,0.195868115
openmp_tile_parallel_blocked,5000,39,0,0.198076798
openmp_tile_parallel_blocked,5000,39,1,0.196754778
openmp_tile_parallel_blocked,5000,39,2,0.197258818
openmp_tile_parallel_blocked,5000,39,3,0.195932311
openmp_tile_parallel_blocked,5000,39,4,0.197247043
openmp_tile_parallel_blocked,5000,40,0,0.194365036
openmp_tile_parallel_blocked,5000,40,1,0.192734863
openmp_tile_parallel_blocked,5000,40,2,0.192555285
openmp_tile_parallel_blocked,5000,40,3,0.193724335
openmp_tile_parallel_blocked,5000,40,4,0.193312494
openmp_tile_parallel_blocked,5000,41,0,0.194363696
openmp_tile_parallel_blocked,5000,41,1,0.194580058
openmp_tile_parallel_blocked,5000,41,2,0.195301716
openmp_tile_parallel_blocked,5000,41,3,0.194637124
openmp_tile_parallel_blocked,5000,41,4,0.194015127
openmp_tile_parallel_blocked,5000,42,0,0.192360532
openmp_tile_parallel_blocked,5000,42,1,0.192697426
openmp_tile_parallel_blocked,5000,42,2,0.19335868
openmp_tile_parallel_blocked,5000,42,3,0.193754683
openmp_tile_parallel_blocked,5000,42,4,0.193584187
openmp_tile_parallel_blocked,5000,43,0,0.193146539
openmp_tile_parallel_blocked,5000,43,1,0.193660096
openmp_tile_parallel_blocked,5000,43,2,0.194590373
openmp_tile_parallel_blocked,5000,43,3,0.19283087
openmp_tile_parallel_blocked,5000,43,4,0.192424393
openmp_tile_parallel_blocked,5000,44,0,0.191539501
openmp_tile_parallel_blocked,5000,44,1,0.189978948
openmp_tile_parallel_blocked,5000,44,2,0.189340207
openmp_tile_parallel_blocked,5000,44,3,0.189182154
openmp_tile_parallel_blocked,5000,44,4,0.189535605
openmp_tile_parallel_blocked,5000,45,0,0.192482082
openmp_tile_parallel_blocked,5000,45,1,0.190829249
openmp_tile_parallel_blocked,5000,45,2,0.194616942
openmp_tile_parallel_blocked,5000,45,3,0.19200404
openmp_tile_parallel_blocked,5000,45,4,0.192165068
openmp_tile_parallel_blocked,5000,46,0,0.188663239
openmp_tile_parallel_blocked,5000,46,1,0.192166212
openmp_tile_parallel_blocked,5000,46,2,0.187987928
openmp_tile_parallel_blocked,5000,46,3,0.18878892
openmp_tile_parallel_blocked,5000,46,4,0.190364234
openmp_tile_parallel_blocked,5000,47,0,0.191586042
openmp_tile_parallel_blocked,5000,47,1,0.191405198
openmp_tile_parallel_blocked,5000,47,2,0.190926276
openmp_tile_parallel_blocked,5000,47,3,0.192162116
openmp_tile_parallel_blocked,5000,47,4,0.193856999
openmp_tile_parallel_blocked,5000,48,0,0.188726764
openmp_tile_parallel_blocked,5000,48,1,0.187642514
openmp_tile_parallel_blocked,5000,48,2,0.189591009
openmp_tile_parallel_blocked,5000,48,3,0.189817812
openmp_tile_parallel_blocked,5000,48,4,0.189393346
openmp_tile_parallel_blocked,5000,49,0,0.195319241
openmp_tile_parallel_blocked,5000,49,1,0.190497336
openmp_tile_parallel_blocked,5000,49,2,0.190149754
openmp_tile_parallel_blocked,5000,49,3,0.187837126
openmp_tile_parallel_blocked,5000,49,4,0.19119599
openmp_tile_parallel_blocked,5000,50,0,0.187955594
openmp_tile_parallel_blocked,5000,50,1,0.189553861
openmp_tile_parallel_blocked,5000,50,2,0.187017098
openmp_tile_parallel_blocked,5000,50,3,0.187189937
openmp_tile_parallel_blocked,5000,50,4,0.188121065
openmp_tile_parallel_blocked,5000,51,0,0.189253416
openmp_tile_parallel_blocked,5000,51,1,0.188188101
openmp_tile_parallel_blocked,5000,51,2,0.18889181
openmp_tile_parallel_blocked,5000,51,3,0.189279053
openmp_tile_parallel_blocked,5000,51,4,0.191690542
openmp_tile_parallel_blocked,5000,52,0,0.186678863
openmp_tile_parallel_blocked,5000,52,1,0.186097967
openmp_tile_parallel_blocked,5000,52,2,0.187895623
openmp_tile_parallel_blocked,5000,52,3,0.187842186
openmp_tile_parallel_blocked,5000,52,4,0.188834364
openmp_tile_parallel_blocked,5000,53,0,0.189369598
openmp_tile_parallel_blocked,5000,53,1,0.191483318
openmp_tile_parallel_blocked,5000,53,2,0.191022376
openmp_tile_parallel_blocked,5000,53,3,0.190138166
openmp_tile_parallel_blocked,5000,53,4,0.189950693
openmp_tile_parallel_blocked,5000,54,0,0.187524249
openmp_tile_parallel_blocked,5000,54,1,0.190305512
openmp_tile_parallel_blocked,5000,54,2,0.187047644
openmp_tile_parallel_blocked,5000,54,3,0.188811783
openmp_tile_parallel_blocked,5000,54,4,0.184054209
openmp_tile_parallel_blocked,5000,55,0,0.189568744
openmp_tile_parallel_blocked,5000,55,1,0.189357965
openmp_tile_parallel_blocked,5000,55,2,0.189294635
openmp_tile_parallel_blocked,5000,55,3,0.190029733
openmp_tile_parallel_blocked,5000,55,4,0.189143848
openmp_tile_parallel_blocked,5000,56,0,0.186688649
openmp_tile_parallel_blocked,5000,56,1,0.188559869
openmp_tile_parallel_blocked,5000,56,2,0.186090894
openmp_tile_parallel_blocked,5000,56,3,0.188724882
openmp_tile_parallel_blocked,5000,56,4,0.188809718
openmp_tile_parallel_blocked,5000,57,0,0.190576517
openmp_tile_parallel_blocked,5000,57,1,0.188195914
openmp_tile_parallel_blocked,5000,57,2,0.188863773
openmp_tile_parallel_blocked,5000,57,3,0.189206215
openmp_tile_parallel_blocked,5000,57,4,0.190830635
openmp_tile_parallel_blocked,5000,58,0,0.189982429
openmp_tile_parallel_blocked,5000,58,1,0.188110402
openmp_tile_parallel_blocked,5000,58,2,0.18789491
openmp_tile_parallel_blocked,5000,58,3,0.187994671
openmp_tile_parallel_blocked,5000,58,4,0.189621118
openmp_tile_parallel_blocked,5000,59,0,0.192172663
openmp_tile_parallel_blocked,5000,59,1,0.192391431
openmp_tile_parallel_blocked,5000,59,2,0.18945685
openmp_tile_parallel_blocked,5000,59,3,0.19055924
openmp_tile_parallel_blocked,5000,59,4,0.189137314
openmp_tile_parallel_blocked,5000,60,0,0.186525664
openmp_tile_parallel_blocked,5000,60,1,0.189197784
openmp_tile_parallel_blocked,5000,60,2,0.186171306
openmp_tile_parallel_blocked,5000,60,3,0.185994489
openmp_tile_parallel_blocked,5000,60,4,0.18844639
openmp_tile_parallel_blocked,5000,61,0,0.189949871
openmp_tile_parallel_blocked,5000,61,1,0.19067104
openmp_tile_parallel_blocked,5000,61,2,0.189321687
openmp_tile_parallel_blocked,5000,61,3,0.191534144
openmp_tile_parallel_blocked,5000,61,4,0.188768102
openmp_tile_parallel_blocked,5000,62,0,0.185108011
openmp_tile_parallel_blocked,5000,62,1,0.186825923
openmp_tile_parallel_blocked,5000,62,2,0.186989563
openmp_tile_parallel_blocked,5000,62,3,0.188491422
openmp_tile_parallel_blocked,5000,62,4,0.188153113
openmp_tile_parallel_blocked,5000,63,0,0.191773082
openmp_tile_parallel_blocked,5000,63,1,0.19002917
openmp_tile_parallel_blocked,5000,63,2,0.189637828
openmp_tile_parallel_blocked,5000,63,3,0.189994144
openmp_tile_parallel_blocked,5000,63,4,0.191050491
openmp_tile_parallel_blocked,5000,64,0,0.189999146
openmp_tile_parallel_blocked,5000,64,1,0.190977382
openmp_tile_parallel_blocked,5000,64,2,0.188020538
openmp_tile_parallel_blocked,5000,64,3,0.191292763
openmp_tile_parallel_blocked,5000,64,4,0.19010921
openmp_tile_parallel_blocked,5000,65,0,0.193307993
openmp_tile_parallel_blocked,5000,65,1,0.195078108
openmp_tile_parallel_blocked,5000,65,2,0.193265477
openmp_tile_parallel_blocked,5000,65,3,0.194084307
openmp_tile_parallel_blocked,5000,65,4,0.195187824
openmp_tile_parallel_blocked,5000,66,0,0.190689654
openmp_tile_parallel_blocked,5000,66,1,0.190073647
openmp_tile_parallel_blocked,5000,66,2,0.189922073
openmp_tile_parallel_blocked,5000,66,3,0.189501604
openmp_tile_parallel_blocked,5000,66,4,0.189918521
openmp_tile_parallel_blocked,5000,67,0,0.191110136
openmp_tile_parallel_blocked,5000,67,1,0.189981637
openmp_tile_parallel_blocked,5000,67,2,0.190723361
openmp_tile_parallel_blocked,5000,67,3,0.190622121
openmp_tile_parallel_blocked,5000,67,4,0.191120388
openmp_tile_parallel_blocked,5000,68,0,0.190607866
openmp_tile_parallel_blocked,5000,68,1,0.191549152
openmp_tile_parallel_blocked,5000,68,2,0.19003024
openmp_tile_parallel_blocked,5000,68,3,0.191176753
openmp_tile_parallel_blocked,5000,68,4,0.18995208
openmp_tile_parallel_blocked,5000,69,0,0.191110222
openmp_tile_parallel_blocked,5000,69,1,0.190726367
openmp_tile_parallel_blocked,5000,69,2,0.192442253
openmp_tile_parallel_blocked,5000,69,3,0.191915431
openmp_tile_parallel_blocked,5000,69,4,0.19241735
openmp_tile_parallel_blocked,5000,70,0,0.19028937
openmp_tile_parallel_blocked,5000,70,1,0.191782003
openmp_tile_parallel_blocked,5000,70,2,0.191289431
openmp_tile_parallel_blocked,5000,70,3,0.190145543
openmp_tile_parallel_blocked,5000,70,4,0.192051404
openmp_tile_parallel_blocked,5000,71,0,0.194935847
openmp_tile_parallel_blocked,5000,71,1,0.195363346
openmp_tile_parallel_blocked,5000,71,2,0.19587004
openmp_tile_parallel_blocked,5000,71,3,0.195028311
openmp_tile_parallel_blocked,5000,71,4,0.195375698
openmp_tile_parallel_blocked,5000,72,0,0.190628195
openmp_tile_parallel_blocked,5000,72,1,0.192164849
openmp_tile_parallel_blocked,5000,72,2,0.191002629
openmp_tile_parallel_blocked,5000,72,3,0.190910825
openmp_tile_parallel_blocked,5000,72,4,0.193037599
openmp_tile_parallel_blocked,5000,73,0,0.199416408
openmp_tile_parallel_blocked,5000,73,1,0.191088397
openmp_tile_parallel_blocked,5000,73,2,0.191978661
openmp_tile_parallel_blocked,5000,73,3,0.191757699
openmp_tile_parallel_blocked,5000,73,4,0.191261582
openmp_tile_parallel_blocked,5000,74,0,0.19653517
openmp_tile_parallel_blocked,5000,74,1,0.195640072
openmp_tile_parallel_blocked,5000,74,2,0.194205446
openmp_tile_parallel_blocked,5000,74,3,0.194277996
openmp_tile_parallel_blocked,5000,74,4,0.196230374
openmp_tile_parallel_blocked,5000,75,0,0.191067004
openmp_tile_parallel_blocked,5000,75,1,0.191380472
openmp_tile_parallel_blocked,5000,75,2,0.192186755
openmp_tile_parallel_blocked,5000,75,3,0.191613796
openmp_tile_parallel_blocked,5000,75,4,0.190042035
openmp_tile_parallel_blocked,5000,76,0,0.191135612
openmp_tile_parallel_blocked,5000,76,1,0.193262135
openmp_tile_parallel_blocked,5000,76,2,0.192326049
openmp_tile_parallel_blocked,5000,76,3,0.192372575
openmp_tile_parallel_blocked,5000,76,4,0.194054108
openmp_block_row_parallel,5000,1,0,4.231151811
openmp_block_row_parallel,5000,1,1,4.241934818
openmp_block_row_parallel,5000,1,2,4.242686816
openmp_block_row_parallel,5000,1,3,4.231558004
openmp_block_row_parallel,5000,1,4,4.247672531
openmp_block_row_parallel,5000,2,0,3.240324807
openmp_block_row_parallel,5000,2,1,3.236662166
openmp_block_row_parallel,5000,2,2,3.235924509
openmp_block_row_parallel,5000,2,3,3.246235748
openmp_block_row_parallel,5000,2,4,3.252069719
openmp_block_row_parallel,5000,3,0,2.45275738
openmp_block_row_parallel,5000,3,1,2.473033904
openmp_block_row_parallel,5000,3,2,2.453612162
openmp_block_row_parallel,5000,3,3,2.456847802
openmp_block_row_parallel,5000,3,4,2.448826679
openmp_block_row_parallel,5000,4,0,1.960596515
openmp_block_row_parallel,5000,4,1,1.977826681
openmp_block_row_parallel,5000,4,2,1.966080406
openmp_block_row_parallel,5000,4,3,1.96951966
openmp_block_row_parallel,5000,4,4,1.965735457
openmp_block_row_parallel,5000,5,0,1.659366594
openmp_block_row_parallel,5000,5,1,1.646995497
openmp_block_row_parallel,5000,5,2,1.647522544
openmp_block_row_parallel,5000,5,3,1.652036009
openmp_block_row_parallel,5000,5,4,1.66048991
openmp_block_row_parallel,5000,6,0,1.422604005
openmp_block_row_parallel,5000,6,1,1.438729365
openmp_block_row_parallel,5000,6,2,1.429686764
openmp_block_row_parallel,5000,6,3,1.439914758
openmp_block_row_parallel,5000,6,4,1.428473417
openmp_block_row_parallel,5000,7,0,1.285679452
openmp_block_row_parallel,5000,7,1,1.270245102
openmp_block_row_parallel,5000,7,2,1.275421255
openmp_block_row_parallel,5000,7,3,1.269253545
openmp_block_row_parallel,5000,7,4,1.267371753
openmp_block_row_parallel,5000,8,0,1.155972546
openmp_block_row_parallel,5000,8,1,1.142469169
openmp_block_row_parallel,5000,8,2,1.149579173
openmp_block_row_parallel,5000,8,3,1.137360734
openmp_block_row_parallel,5000,8,4,1.143770308
openmp_block_row_parallel,5000,9,0,1.057168853
openmp_block_row_parallel,5000,9,1,1.065016593
openmp_block_row_parallel,5000,9,2,1.048571427
openmp_block_row_parallel,5000,9,3,1.050188448
openmp_block_row_parallel,5000,9,4,1.049312091
openmp_block_row_parallel,5000,10,0,0.957662514
openmp_block_row_parallel,5000,10,1,0.967254993
openmp_block_row_parallel,5000,10,2,0.963129868
openmp_block_row_parallel,5000,10,3,0.964643101
openmp_block_row_parallel,5000,10,4,0.968443212
openmp_block_row_parallel,5000,11,0,0.899793882
openmp_block_row_parallel,5000,11,1,0.902481663
openmp_block_row_parallel,5000,11,2,0.898156532
openmp_block_row_parallel,5000,11,3,0.898281217
openmp_block_row_parallel,5000,11,4,0.898443437
openmp_block_row_parallel,5000,12,0,0.84562151
openmp_block_row_parallel,5000,12,1,0.846639696
openmp_block_row_parallel,5000,12,2,0.842910115
openmp_block_row_parallel,5000,12,3,0.851609499
openmp_block_row_parallel,5000,12,4,0.844894696
openmp_block_row_parallel,5000,13,0,0.798581767
openmp_block_row_parallel,5000,13,1,0.796997602
openmp_block_row_parallel,5000,13,2,0.79630379
openmp_block_row_parallel,5000,13,3,0.794080598
openmp_block_row_parallel,5000,13,4,0.794961338
openmp_block_row_parallel,5000,14,0,0.749073122
openmp_block_row_parallel,5000,14,1,0.74821898
openmp_block_row_parallel,5000,14,2,0.749847044
openmp_block_row_parallel,5000,14,3,0.754348544
openmp_block_row_parallel,5000,14,4,0.751230865
openmp_block_row_parallel,5000,15,0,0.713726384
openmp_block_row_parallel,5000,15,1,0.719539021
openmp_block_row_parallel,5000,15,2,0.719427946
openmp_block_row_parallel,5000,15,3,0.716528186
openmp_block_row_parallel,5000,15,4,0.715209502
openmp_block_row_parallel,5000,16,0,0.687256702
openmp_block_row_parallel,5000,16,1,0.681245087
openmp_block_row_parallel,5000,16,2,0.682561361
openmp_block_row_parallel,5000,16,3,0.682949076
openmp_block_row_parallel,5000,16,4,0.682185878
openmp_block_row_parallel,5000,17,0,0.658706521
openmp_block_row_parallel,5000,17,1,0.657224574
openmp_block_row_parallel,5000,17,2,0.660703221
openmp_block_row_parallel,5000,17,3,0.654389502
openmp_block_row_parallel,5000,17,4,0.656238521
openmp_block_row_parallel,5000,18,0,0.633806035
openmp_block_row_parallel,5000,18,1,0.634014882
openmp_block_row_parallel,5000,18,2,0.633650374
openmp_block_row_parallel,5000,18,3,0.635400567
openmp_block_row_parallel,5000,18,4,0.631653098
openmp_block_row_parallel,5000,19,0,0.611089885
openmp_block_row_parallel,5000,19,1,0.606226627
openmp_block_row_parallel,5000,19,2,0.610641348
openmp_block_row_parallel,5000,19,3,0.609978002
openmp_block_row_parallel,5000,19,4,0.610013201
openmp_block_row_parallel,5000,20,0,0.589548205
openmp_block_row_parallel,5000,20,1,0.586565951
openmp_block_row_parallel,5000,20,2,0.586755763
openmp_block_row_parallel,5000,20,3,0.585859201
openmp_block_row_parallel,5000,20,4,0.590136161
openmp_block_row_parallel,5000,21,0,0.576383629
openmp_block_row_parallel,5000,21,1,0.575013903
openmp_block_row_parallel,5000,21,2,0.576949232
openmp_block_row_parallel,5000,21,3,0.578007519
openmp_block_row_parallel,5000,21,4,0.578911036
openmp_block_row_parallel,5000,22,0,0.55274262
openmp_block_row_parallel,5000,22,1,0.556951483
openmp_block_row_parallel,5000,22,2,0.553773105
openmp_block_row_parallel,5000,22,3,0.552978382
openmp_block_row_parallel,5000,22,4,0.555195985
openmp_block_row_parallel,5000,23,0,0.537624329
openmp_block_row_parallel,5000,23,1,0.542102235
openmp_block_row_parallel,5000,23,2,0.540487837
openmp_block_row_parallel,5000,23,3,0.540003921
openmp_block_row_parallel,5000,23,4,0.544673379
openmp_block_row_parallel,5000,24,0,0.532709216
openmp_block_row_parallel,5000,24,1,0.532753721
openmp_block_row_parallel,5000,24,2,0.538280834
openmp_block_row_parallel,5000,24,3,0.535817034
openmp_block_row_parallel,5000,24,4,0.540084743
openmp_block_row_parallel,5000,25,0,0.510511135
openmp_block_row_parallel,5000,25,1,0.517891117
openmp_block_row_parallel,5000,25,2,0.513794367
openmp_block_row_parallel,5000,25,3,0.51544709
openmp_block_row_parallel,5000,25,4,0.512856924
openmp_block_row_parallel,5000,26,0,0.499354667
openmp_block_row_parallel,5000,26,1,0.500226896
openmp_block_row_parallel,5000,26,2,0.500691917
openmp_block_row_parallel,5000,26,3,0.505713439
openmp_block_row_parallel,5000,26,4,0.501052703
openmp_block_row_parallel,5000,27,0,0.491471957
openmp_block_row_parallel,5000,27,1,0.496062648
openmp_block_row_parallel,5000,27,2,0.492412196
openmp_block_row_parallel,5000,27,3,0.487571775
openmp_block_row_parallel,5000,27,4,0.489114721
openmp_block_row_parallel,5000,28,0,0.480421804
openmp_block_row_parallel,5000,28,1,0.477774675
openmp_block_row_parallel,5000,28,2,0.483254033
openmp_block_row_parallel,5000,28,3,0.483326254
openmp_block_row_parallel,5000,28,4,0.483507388
openmp_block_row_parallel,5000,29,0,0.472096562
openmp_block_row_parallel,5000,29,1,0.475075317
openmp_block_row_parallel,5000,29,2,0.476956261
openmp_block_row_parallel,5000,29,3,0.473991086
openmp_block_row_parallel,5000,29,4,0.47612072
openmp_block_row_parallel,5000,30,0,0.463119517
openmp_block_row_parallel,5000,30,1,0.46586264
openmp_block_row_parallel,5000,30,2,0.460577842
openmp_block_row_parallel,5000,30,3,0.461665734
openmp_block_row_parallel,5000,30,4,0.465520573
openmp_block_row_parallel,5000,31,0,0.454333282
openmp_block_row_parallel,5000,31,1,0.449818468
openmp_block_row_parallel,5000,31,2,0.45405211
openmp_block_row_parallel,5000,31,3,0.454226067
openmp_block_row_parallel,5000,31,4,0.454087489
openmp_block_row_parallel,5000,32,0,0.441082267
openmp_block_row_parallel,5000,32,1,0.444374025
openmp_block_row_parallel,5000,32,2,0.447513182
openmp_block_row_parallel,5000,32,3,0.44258449
openmp_block_row_parallel,5000,32,4,0.443848728
openmp_block_row_parallel,5000,33,0,0.442038121
openmp_block_row_parallel,5000,33,1,0.435132996
openmp_block_row_parallel,5000,33,2,0.437670685
openmp_block_row_parallel,5000,33,3,0.441825625
openmp_block_row_parallel,5000,33,4,0.443199579
openmp_block_row_parallel,5000,34,0,0.43643707
openmp_block_row_parallel,5000,34,1,0.4355516
openmp_block_row_parallel,5000,34,2,0.434661009
openmp_block_row_parallel,5000,34,3,0.436669954
openmp_block_row_parallel,5000,34,4,0.434716129
openmp_block_row_parallel,5000,35,0,0.427999488
openmp_block_row_parallel,5000,35,1,0.429388689
openmp_block_row_parallel,5000,35,2,0.43294726
openmp_block_row_parallel,5000,35,3,0.429427486
openmp_block_row_parallel,5000,35,4,0.428642288
openmp_block_row_parallel,5000,36,0,0.426056768
openmp_block_row_parallel,5000,36,1,0.42947304
openmp_block_row_parallel,5000,36,2,0.429099239
openmp_block_row_parallel,5000,36,3,0.432580881
openmp_block_row_parallel,5000,36,4,0.42824138
openmp_block_row_parallel,5000,37,0,0.420701263
openmp_block_row_parallel,5000,37,1,0.425190726
openmp_block_row_parallel,5000,37,2,0.424315081
openmp_block_row_parallel,5000,37,3,0.424126263
openmp_block_row_parallel,5000,37,4,0.424369862
openmp_block_row_parallel,5000,38,0,0.415951746
openmp_block_row_parallel,5000,38,1,0.412017221
openmp_block_row_parallel,5000,38,2,0.422075301
openmp_block_row_parallel,5000,38,3,0.416868495
openmp_block_row_parallel,5000,38,4,0.416263955
openmp_block_row_parallel,5000,39,0,0.408251622
openmp_block_row_parallel,5000,39,1,0.407748934
openmp_block_row_parallel,5000,39,2,0.411434107
openmp_block_row_parallel,5000,39,3,0.409251226
openmp_block_row_parallel,5000,39,4,0.406377838
openmp_block_row_parallel,5000,40,0,0.40581537
openmp_block_row_parallel,5000,40,1,0.405735811
openmp_block_row_parallel,5000,40,2,0.404622745
openmp_block_row_parallel,5000,40,3,0.410500892
openmp_block_row_parallel,5000,40,4,0.407170777
openmp_block_row_parallel,5000,41,0,0.404886185
openmp_block_row_parallel,5000,41,1,0.404199114
openmp_block_row_parallel,5000,41,2,0.405477109
openmp_block_row_parallel,5000,41,3,0.405983649
openmp_block_row_parallel,5000,41,4,0.403686126
openmp_block_row_parallel,5000,42,0,0.400337109
openmp_block_row_parallel,5000,42,1,0.39930123
openmp_block_row_parallel,5000,42,2,0.397371598
openmp_block_row_parallel,5000,42,3,0.400867231
openmp_block_row_parallel,5000,42,4,0.398530181
openmp_block_row_parallel,5000,43,0,0.39276109
openmp_block_row_parallel,5000,43,1,0.39446683
openmp_block_row_parallel,5000,43,2,0.395971049
openmp_block_row_parallel,5000,43,3,0.398805992
openmp_block_row_parallel,5000,43,4,0.397029629
openmp_block_row_parallel,5000,44,0,0.395023684
openmp_block_row_parallel,5000,44,1,0.395655048
openmp_block_row_parallel,5000,44,2,0.394190217
openmp_block_row_parallel,5000,44,3,0.392667912
openmp_block_row_parallel,5000,44,4,0.393025899
openmp_block_row_parallel,5000,45,0,0.392301082
openmp_block_row_parallel,5000,45,1,0.390745639
openmp_block_row_parallel,5000,45,2,0.388786618
openmp_block_row_parallel,5000,45,3,0.390962625
openmp_block_row_parallel,5000,45,4,0.38876841
openmp_block_row_parallel,5000,46,0,0.383786149
openmp_block_row_parallel,5000,46,1,0.385682941
openmp_block_row_parallel,5000,46,2,0.387312063
openmp_block_row_parallel,5000,46,3,0.383533771
openmp_block_row_parallel,5000,46,4,0.38416814
openmp_block_row_parallel,5000,47,0,0.382598112
openmp_block_row_parallel,5000,47,1,0.379366864
openmp_block_row_parallel,5000,47,2,0.383225791
openmp_block_row_parallel,5000,47,3,0.386003029
openmp_block_row_parallel,5000,47,4,0.381395716
openmp_block_row_parallel,5000,48,0,0.379088569
openmp_block_row_parallel,5000,48,1,0.381370557
openmp_block_row_parallel,5000,48,2,0.380766384
openmp_block_row_parallel,5000,48,3,0.378168358
openmp_block_row_parallel,5000,48,4,0.379766688
openmp_block_row_parallel,5000,49,0,0.374554458
openmp_block_row_parallel,5000,49,1,0.373616742
openmp_block_row_parallel,5000,49,2,0.371296714
openmp_block_row_parallel,5000,49,3,0.37332995
openmp_block_row_parallel,5000,49,4,0.372106034
openmp_block_row_parallel,5000,50,0,0.374781217
openmp_block_row_parallel,5000,50,1,0.372080496
openmp_block_row_parallel,5000,50,2,0.372146772
openmp_block_row_parallel,5000,50,3,0.368681489
openmp_block_row_parallel,5000,50,4,0.371329481
openmp_block_row_parallel,5000,51,0,0.365840348
openmp_block_row_parallel,5000,51,1,0.364813709
openmp_block_row_parallel,5000,51,2,0.3661591
openmp_block_row_parallel,5000,51,3,0.371176248
openmp_block_row_parallel,5000,51,4,0.365977054
openmp_block_row_parallel,5000,52,0,0.364209757
openmp_block_row_parallel,5000,52,1,0.363233739
openmp_block_row_parallel,5000,52,2,0.362871274
openmp_block_row_parallel,5000,52,3,0.362374521
openmp_block_row_parallel,5000,52,4,0.364709801
openmp_block_row_parallel,5000,53,0,0.362611888
openmp_block_row_parallel,5000,53,1,0.361658969
openmp_block_row_parallel,5000,53,2,0.361452265
openmp_block_row_parallel,5000,53,3,0.363244267
openmp_block_row_parallel,5000,53,4,0.362192104
openmp_block_row_parallel,5000,54,0,0.358005847
openmp_block_row_parallel,5000,54,1,0.359872554
openmp_block_row_parallel,5000,54,2,0.361244823
openmp_block_row_parallel,5000,54,3,0.360971485
openmp_block_row_parallel,5000,54,4,0.361676853
openmp_block_row_parallel,5000,55,0,0.358893952
openmp_block_row_parallel,5000,55,1,0.361402754
openmp_block_row_parallel,5000,55,2,0.361055169
openmp_block_row_parallel,5000,55,3,0.360628634
openmp_block_row_parallel,5000,55,4,0.361172731
openmp_block_row_parallel,5000,56,0,0.35715871
openmp_block_row_parallel,5000,56,1,0.359288114
openmp_block_row_parallel,5000,56,2,0.361277441
openmp_block_row_parallel,5000,56,3,0.361655858
openmp_block_row_parallel,5000,56,4,0.358826273
openmp_block_row_parallel,5000,57,0,0.359967859
openmp_block_row_parallel,5000,57,1,0.358559858
openmp_block_row_parallel,5000,57,2,0.357890606
openmp_block_row_parallel,5000,57,3,0.357617318
openmp_block_row_parallel,5000,57,4,0.359821004
openmp_block_row_parallel,5000,58,0,0.356176874
openmp_block_row_parallel,5000,58,1,0.355806995
openmp_block_row_parallel,5000,58,2,0.359684556
openmp_block_row_parallel,5000,58,3,0.359952991
openmp_block_row_parallel,5000,58,4,0.354215396
openmp_block_row_parallel,5000,59,0,0.356959979
openmp_block_row_parallel,5000,59,1,0.360140548
openmp_block_row_parallel,5000,59,2,0.35932108
openmp_block_row_parallel,5000,59,3,0.360984769
openmp_block_row_parallel,5000,59,4,0.35636493
openmp_block_row_parallel,5000,60,0,0.359088088
openmp_block_row_parallel,5000,60,1,0.357994669
openmp_block_row_parallel,5000,60,2,0.356761383
openmp_block_row_parallel,5000,60,3,0.36012983
openmp_block_row_parallel,5000,60,4,0.358497531
openmp_block_row_parallel,5000,61,0,0.356646707
openmp_block_row_parallel,5000,61,1,0.356761137
openmp_block_row_parallel,5000,61,2,0.355829023
openmp_block_row_parallel,5000,61,3,0.356363189
openmp_block_row_parallel,5000,61,4,0.357368261
openmp_block_row_parallel,5000,62,0,0.35905653
openmp_block_row_parallel,5000,62,1,0.357500441
openmp_block_row_parallel,5000,62,2,0.357680524
openmp_block_row_parallel,5000,62,3,0.356837717
openmp_block_row_parallel,5000,62,4,0.358242038
openmp_block_row_parallel,5000,63,0,0.356851063
openmp_block_row_parallel,5000,63,1,0.358712561
openmp_block_row_parallel,5000,63,2,0.358071033
openmp_block_row_parallel,5000,63,3,0.356984739
openmp_block_row_parallel,5000,63,4,0.359595892
openmp_block_row_parallel,5000,64,0,0.35641009
openmp_block_row_parallel,5000,64,1,0.359977304
openmp_block_row_parallel,5000,64,2,0.359072212
openmp_block_row_parallel,5000,64,3,0.356386704
openmp_block_row_parallel,5000,64,4,0.356930234
openmp_block_row_parallel,5000,65,0,0.360733758
openmp_block_row_parallel,5000,65,1,0.359593968
openmp_block_row_parallel,5000,65,2,0.359516441
openmp_block_row_parallel,5000,65,3,0.362800454
openmp_block_row_parallel,5000,65,4,0.361580473
openmp_block_row_parallel,5000,66,0,0.361152102
openmp_block_row_parallel,5000,66,1,0.361351347
openmp_block_row_parallel,5000,66,2,0.361094052
openmp_block_row_parallel,5000,66,3,0.361303117
openmp_block_row_parallel,5000,66,4,0.359811022
openmp_block_row_parallel,5000,67,0,0.363536833
openmp_block_row_parallel,5000,67,1,0.360771255
openmp_block_row_parallel,5000,67,2,0.360701399
openmp_block_row_parallel,5000,67,3,0.360542206
openmp_block_row_parallel,5000,67,4,0.35998148
openmp_block_row_parallel,5000,68,0,0.359692761
openmp_block_row_parallel,5000,68,1,0.358778968
openmp_block_row_parallel,5000,68,2,0.359739961
openmp_block_row_parallel,5000,68,3,0.36163432
openmp_block_row_parallel,5000,68,4,0.360918927
openmp_block_row_parallel,5000,69,0,0.358785668
openmp_block_row_parallel,5000,69,1,0.35834323
openmp_block_row_parallel,5000,69,2,0.357147762
openmp_block_row_parallel,5000,69,3,0.357391461
openmp_block_row_parallel,5000,69,4,0.358402303
openmp_block_row_parallel,5000,70,0,0.355464132
openmp_block_row_parallel,5000,70,1,0.354947981
openmp_block_row_parallel,5000,70,2,0.357313399
openmp_block_row_parallel,5000,70,3,0.354812691
openmp_block_row_parallel,5000,70,4,0.355028292
openmp_block_row_parallel,5000,71,0,0.354744309
openmp_block_row_parallel,5000,71,1,0.353377747
openmp_block_row_parallel,5000,71,2,0.353092463
openmp_block_row_parallel,5000,71,3,0.353979665
openmp_block_row_parallel,5000,71,4,0.352182999
openmp_block_row_parallel,5000,72,0,0.352658118
openmp_block_row_parallel,5000,72,1,0.350623661
openmp_block_row_parallel,5000,72,2,0.350709977
openmp_block_row_parallel,5000,72,3,0.35175974
openmp_block_row_parallel,5000,72,4,0.350475801
openmp_block_row_parallel,5000,73,0,0.348552858
openmp_block_row_parallel,5000,73,1,0.348783408
openmp_block_row_parallel,5000,73,2,0.350423433
openmp_block_row_parallel,5000,73,3,0.347513014
openmp_block_row_parallel,5000,73,4,0.348476687
openmp_block_row_parallel,5000,74,0,0.347558008
openmp_block_row_parallel,5000,74,1,0.346857501
openmp_block_row_parallel,5000,74,2,0.347029296
openmp_block_row_parallel,5000,74,3,0.348350829
openmp_block_row_parallel,5000,74,4,0.346312806
openmp_block_row_parallel,5000,75,0,0.347239411
openmp_block_row_parallel,5000,75,1,0.346786907
openmp_block_row_parallel,5000,75,2,0.346680049
openmp_block_row_parallel,5000,75,3,0.346354773
openmp_block_row_parallel,5000,75,4,0.346729613
openmp_block_row_parallel,5000,76,0,0.342249191
openmp_block_row_parallel,5000,76,1,0.341052272
openmp_block_row_parallel,5000,76,2,0.341187804
openmp_block_row_parallel,5000,76,3,0.340163124
openmp_block_row_parallel,5000,76,4,0.342949147
openmp_tile_list_parallel,5000,1,0,4.549682771
openmp_tile_list_parallel,5000,1,1,4.521092384
openmp_tile_list_parallel,5000,1,2,4.522577974
openmp_tile_list_parallel,5000,1,3,4.516347248
openmp_tile_list_parallel,5000,1,4,4.521935565
openmp_tile_list_parallel,5000,2,0,13.36497382
openmp_tile_list_parallel,5000,2,1,13.3655426
openmp_tile_list_parallel,5000,2,2,13.35843726
openmp_tile_list_parallel,5000,2,3,13.3561119
openmp_tile_list_parallel,5000,2,4,13.34954116
openmp_tile_list_parallel,5000,3,0,4.976914364
openmp_tile_list_parallel,5000,3,1,4.972280723
openmp_tile_list_parallel,5000,3,2,4.978318554
openmp_tile_list_parallel,5000,3,3,4.974330443
openmp_tile_list_parallel,5000,3,4,4.976438632
openmp_tile_list_parallel,5000,4,0,6.803146865
openmp_tile_list_parallel,5000,4,1,6.823964429
openmp_tile_list_parallel,5000,4,2,6.8205434
openmp_tile_list_parallel,5000,4,3,6.802561978
openmp_tile_list_parallel,5000,4,4,6.850844806
openmp_tile_list_parallel,5000,5,0,4.342628138
openmp_tile_list_parallel,5000,5,1,4.336423554
openmp_tile_list_parallel,5000,5,2,4.329836015
openmp_tile_list_parallel,5000,5,3,4.341781264
openmp_tile_list_parallel,5000,5,4,4.34336654
openmp_tile_list_parallel,5000,6,0,4.110189528
openmp_tile_list_parallel,5000,6,1,4.090783377
openmp_tile_list_parallel,5000,6,2,4.101998719
openmp_tile_list_parallel,5000,6,3,4.103464562
openmp_tile_list_parallel,5000,6,4,4.106343635
openmp_tile_list_parallel,5000,7,0,3.48417945
openmp_tile_list_parallel,5000,7,1,3.483942206
openmp_tile_list_parallel,5000,7,2,3.491491259
openmp_tile_list_parallel,5000,7,3,3.483729151
openmp_tile_list_parallel,5000,7,4,3.477703022
openmp_tile_list_parallel,5000,8,0,3.278293483
openmp_tile_list_parallel,5000,8,1,3.291343206
openmp_tile_list_parallel,5000,8,2,3.275904885
openmp_tile_list_parallel,5000,8,3,3.282464593
openmp_tile_list_parallel,5000,8,4,3.281000698
openmp_tile_list_parallel,5000,9,0,2.916557185
openmp_tile_list_parallel,5000,9,1,2.915516654
openmp_tile_list_parallel,5000,9,2,2.90846274
openmp_tile_list_parallel,5000,9,3,2.913000761
openmp_tile_list_parallel,5000,9,4,2.91325622
openmp_tile_list_parallel,5000,10,0,2.748695673
openmp_tile_list_parallel,5000,10,1,2.753470266
openmp_tile_list_parallel,5000,10,2,2.74387931
openmp_tile_list_parallel,5000,10,3,2.756238312
openmp_tile_list_parallel,5000,10,4,2.751315148
openmp_tile_list_parallel,5000,11,0,2.49129538
openmp_tile_list_parallel,5000,11,1,2.492533437
openmp_tile_list_parallel,5000,11,2,2.493501008
openmp_tile_list_parallel,5000,11,3,2.489708148
openmp_tile_list_parallel,5000,11,4,2.493188523
openmp_tile_list_parallel,5000,12,0,2.37139796
openmp_tile_list_parallel,5000,12,1,2.363208166
openmp_tile_list_parallel,5000,12,2,2.36629131
openmp_tile_list_parallel,5000,12,3,2.369075537
openmp_tile_list_parallel,5000,12,4,2.367569153
openmp_tile_list_parallel,5000,13,0,2.196335308
openmp_tile_list_parallel,5000,13,1,2.1926144
openmp_tile_list_parallel,5000,13,2,2.196224478
openmp_tile_list_parallel,5000,13,3,2.193875812
openmp_tile_list_parallel,5000,13,4,2.190631417
openmp_tile_list_parallel,5000,14,0,2.10980782
openmp_tile_list_parallel,5000,14,1,2.107646885
openmp_tile_list_parallel,5000,14,2,2.107481865
openmp_tile_list_parallel,5000,14,3,2.103001691
openmp_tile_list_parallel,5000,14,4,2.109620728
openmp_tile_list_parallel,5000,15,0,1.965727931
openmp_tile_list_parallel,5000,15,1,1.963780615
openmp_tile_list_parallel,5000,15,2,1.966107658
openmp_tile_list_parallel,5000,15,3,1.967203476
openmp_tile_list_parallel,5000,15,4,1.966083093
openmp_tile_list_parallel,5000,16,0,1.901303575
openmp_tile_list_parallel,5000,16,1,1.89253818
openmp_tile_list_parallel,5000,16,2,1.902596559
openmp_tile_list_parallel,5000,16,3,1.895155972
openmp_tile_list_parallel,5000,16,4,1.904682077
openmp_tile_list_parallel,5000,17,0,1.803123238
openmp_tile_list_parallel,5000,17,1,1.799348068
openmp_tile_list_parallel,5000,17,2,1.80326003
openmp_tile_list_parallel,5000,17,3,1.800249287
openmp_tile_list_parallel,5000,17,4,1.797353592
openmp_tile_list_parallel,5000,18,0,1.749173834
openmp_tile_list_parallel,5000,18,1,1.755296954
openmp_tile_list_parallel,5000,18,2,1.753561274
openmp_tile_list_parallel,5000,18,3,1.752925779
openmp_tile_list_parallel,5000,18,4,1.749494964
openmp_tile_list_parallel,5000,19,0,1.674877515
openmp_tile_list_parallel,5000,19,1,1.671999689
openmp_tile_list_parallel,5000,19,2,1.674249731
openmp_tile_list_parallel,5000,19,3,1.674448483
openmp_tile_list_parallel,5000,19,4,1.670126701
openmp_tile_list_parallel,5000,20,0,1.635107612
openmp_tile_list_parallel,5000,20,1,1.626721048
openmp_tile_list_parallel,5000,20,2,1.632023477
openmp_tile_list_parallel,5000,20,3,1.626651571
openmp_tile_list_parallel,5000,20,4,1.633304675
openmp_tile_list_parallel,5000,21,0,1.570618059
openmp_tile_list_parallel,5000,21,1,1.572393713
openmp_tile_list_parallel,5000,21,2,1.572111883
openmp_tile_list_parallel,5000,21,3,1.572462259
openmp_tile_list_parallel,5000,21,4,1.573924214
openmp_tile_list_parallel,5000,22,0,1.541785741
openmp_tile_list_parallel,5000,22,1,1.539094864
openmp_tile_list_parallel,5000,22,2,1.545318371
openmp_tile_list_parallel,5000,22,3,1.54397772
openmp_tile_list_parallel,5000,22,4,1.541919035
openmp_tile_list_parallel,5000,23,0,1.499537162
openmp_tile_list_parallel,5000,23,1,1.495609288
openmp_tile_list_parallel,5000,23,2,1.502084556
openmp_tile_list_parallel,5000,23,3,1.499065386
openmp_tile_list_parallel,5000,23,4,1.496815072
openmp_tile_list_parallel,5000,24,0,1.465483309
openmp_tile_list_parallel,5000,24,1,1.468338114
openmp_tile_list_parallel,5000,24,2,1.47222005
openmp_tile_list_parallel,5000,24,3,1.470419228
openmp_tile_list_parallel,5000,24,4,1.47296939
openmp_tile_list_parallel,5000,25,0,1.431579906
openmp_tile_list_parallel,5000,25,1,1.430651565
openmp_tile_list_parallel,5000,25,2,1.426557139
openmp_tile_list_parallel,5000,25,3,1.432409818
openmp_tile_list_parallel,5000,25,4,1.428860054
openmp_tile_list_parallel,5000,26,0,1.408000322
openmp_tile_list_parallel,5000,26,1,1.40735015
openmp_tile_list_parallel,5000,26,2,1.402480783
openmp_tile_list_parallel,5000,26,3,1.40853897
openmp_tile_list_parallel,5000,26,4,1.415251222
openmp_tile_list_parallel,5000,27,0,1.368372255
openmp_tile_list_parallel,5000,27,1,1.378362784
openmp_tile_list_parallel,5000,27,2,1.36878354
openmp_tile_list_parallel,5000,27,3,1.370518131
openmp_tile_list_parallel,5000,27,4,1.373151417
openmp_tile_list_parallel,5000,28,0,1.355982555
openmp_tile_list_parallel,5000,28,1,1.349489368
openmp_tile_list_parallel,5000,28,2,1.342519803
openmp_tile_list_parallel,5000,28,3,1.344097812
openmp_tile_list_parallel,5000,28,4,1.348924628
openmp_tile_list_parallel,5000,29,0,1.323897032
openmp_tile_list_parallel,5000,29,1,1.31728269
openmp_tile_list_parallel,5000,29,2,1.318259057
openmp_tile_list_parallel,5000,29,3,1.322658798
openmp_tile_list_parallel,5000,29,4,1.319788553
openmp_tile_list_parallel,5000,30,0,1.31300714
openmp_tile_list_parallel,5000,30,1,1.303464939
openmp_tile_list_parallel,5000,30,2,1.301430841
openmp_tile_list_parallel,5000,30,3,1.305527226
openmp_tile_list_parallel,5000,30,4,1.303319002
openmp_tile_list_parallel,5000,31,0,1.278483221
openmp_tile_list_parallel,5000,31,1,1.272105303
openmp_tile_list_parallel,5000,31,2,1.284139529
openmp_tile_list_parallel,5000,31,3,1.286462736
openmp_tile_list_parallel,5000,31,4,1.281207199
openmp_tile_list_parallel,5000,32,0,1.256790546
openmp_tile_list_parallel,5000,32,1,1.267742966
openmp_tile_list_parallel,5000,32,2,1.26103242
openmp_tile_list_parallel,5000,32,3,1.266850462
openmp_tile_list_parallel,5000,32,4,1.260516722
openmp_tile_list_parallel,5000,33,0,1.248844726
openmp_tile_list_parallel,5000,33,1,1.253989558
openmp_tile_list_parallel,5000,33,2,1.242074316
openmp_tile_list_parallel,5000,33,3,1.243528251
openmp_tile_list_parallel,5000,33,4,1.241486575
openmp_tile_list_parallel,5000,34,0,1.230182392
openmp_tile_list_parallel,5000,34,1,1.229477616
openmp_tile_list_parallel,5000,34,2,1.221252177
openmp_tile_list_parallel,5000,34,3,1.231226651
openmp_tile_list_parallel,5000,34,4,1.228725912
openmp_tile_list_parallel,5000,35,0,1.217382465
openmp_tile_list_parallel,5000,35,1,1.215088944
openmp_tile_list_parallel,5000,35,2,1.215135613
openmp_tile_list_parallel,5000,35,3,1.217055571
openmp_tile_list_parallel,5000,35,4,1.215061294
openmp_tile_list_parallel,5000,36,0,1.193523394
openmp_tile_list_parallel,5000,36,1,1.201672076
openmp_tile_list_parallel,5000,36,2,1.205011067
openmp_tile_list_parallel,5000,36,3,1.19869677
openmp_tile_list_parallel,5000,36,4,1.202645263
openmp_tile_list_parallel,5000,37,0,1.188008271
openmp_tile_list_parallel,5000,37,1,1.19041008
openmp_tile_list_parallel,5000,37,2,1.182501956
openmp_tile_list_parallel,5000,37,3,1.184438508
openmp_tile_list_parallel,5000,37,4,1.186968626
openmp_tile_list_parallel,5000,38,0,1.172595877
openmp_tile_list_parallel,5000,38,1,1.165886753
openmp_tile_list_parallel,5000,38,2,1.167106625
openmp_tile_list_parallel,5000,38,3,1.172650299
openmp_tile_list_parallel,5000,38,4,1.167409781
openmp_tile_list_parallel,5000,39,0,1.157226569
openmp_tile_list_parallel,5000,39,1,1.152594127
openmp_tile_list_parallel,5000,39,2,1.148580678
openmp_tile_list_parallel,5000,39,3,1.162647478
openmp_tile_list_parallel,5000,39,4,1.15854277
openmp_tile_list_parallel,5000,40,0,1.148070772
openmp_tile_list_parallel,5000,40,1,1.151697297
openmp_tile_list_parallel,5000,40,2,1.141393933
openmp_tile_list_parallel,5000,40,3,1.14887746
openmp_tile_list_parallel,5000,40,4,1.15147392
openmp_tile_list_parallel,5000,41,0,1.134104453
openmp_tile_list_parallel,5000,41,1,1.138520281
openmp_tile_list_parallel,5000,41,2,1.138380449
openmp_tile_list_parallel,5000,41,3,1.134842926
openmp_tile_list_parallel,5000,41,4,1.132495433
openmp_tile_list_parallel,5000,42,0,1.121692164
openmp_tile_list_parallel,5000,42,1,1.11955965
openmp_tile_list_parallel,5000,42,2,1.117286293
openmp_tile_list_parallel,5000,42,3,1.118183663
openmp_tile_list_parallel,5000,42,4,1.112813761
openmp_tile_list_parallel,5000,43,0,1.123019042
openmp_tile_list_parallel,5000,43,1,1.119333025
openmp_tile_list_parallel,5000,43,2,1.122692067
openmp_tile_list_parallel,5000,43,3,1.115067212
openmp_tile_list_parallel,5000,43,4,1.11845134
openmp_tile_list_parallel,5000,44,0,1.099675273
openmp_tile_list_parallel,5000,44,1,1.093846097
openmp_tile_list_parallel,5000,44,2,1.101714809
openmp_tile_list_parallel,5000,44,3,1.099133275
openmp_tile_list_parallel,5000,44,4,1.100265602
openmp_tile_list_parallel,5000,45,0,1.098131941
openmp_tile_list_parallel,5000,45,1,1.101456243
openmp_tile_list_parallel,5000,45,2,1.10124483
openmp_tile_list_parallel,5000,45,3,1.103517637
openmp_tile_list_parallel,5000,45,4,1.090717026
openmp_tile_list_parallel,5000,46,0,1.083964513
openmp_tile_list_parallel,5000,46,1,1.089847616
openmp_tile_list_parallel,5000,46,2,1.084692121
openmp_tile_list_parallel,5000,46,3,1.088491941
openmp_tile_list_parallel,5000,46,4,1.085051664
openmp_tile_list_parallel,5000,47,0,1.071404506
openmp_tile_list_parallel,5000,47,1,1.084428373
openmp_tile_list_parallel,5000,47,2,1.079339203
openmp_tile_list_parallel,5000,47,3,1.077878409
openmp_tile_list_parallel,5000,47,4,1.083056095
openmp_tile_list_parallel,5000,48,0,1.056928726
openmp_tile_list_parallel,5000,48,1,1.077059774
openmp_tile_list_parallel,5000,48,2,1.065850698
openmp_tile_list_parallel,5000,48,3,1.062773004
openmp_tile_list_parallel,5000,48,4,1.061157913
openmp_tile_list_parallel,5000,49,0,1.054513772
openmp_tile_list_parallel,5000,49,1,1.064568659
openmp_tile_list_parallel,5000,49,2,1.063676598
openmp_tile_list_parallel,5000,49,3,1.069094978
openmp_tile_list_parallel,5000,49,4,1.063357506
openmp_tile_list_parallel,5000,50,0,1.054357297
openmp_tile_list_parallel,5000,50,1,1.048329412
openmp_tile_list_parallel,5000,50,2,1.04585123
openmp_tile_list_parallel,5000,50,3,1.052282291
openmp_tile_list_parallel,5000,50,4,1.04844308
openmp_tile_list_parallel,5000,51,0,1.054579114
openmp_tile_list_parallel,5000,51,1,1.05185685
openmp_tile_list_parallel,5000,51,2,1.042791101
openmp_tile_list_parallel,5000,51,3,1.044871672
openmp_tile_list_parallel,5000,51,4,1.035050134
openmp_tile_list_parallel,5000,52,0,1.046863521
openmp_tile_list_parallel,5000,52,1,1.038106911
openmp_tile_list_parallel,5000,52,2,1.037082708
openmp_tile_list_parallel,5000,52,3,1.034051437
openmp_tile_list_parallel,5000,52,4,1.035996813
openmp_tile_list_parallel,5000,53,0,1.028514722
openmp_tile_list_parallel,5000,53,1,1.035582202
openmp_tile_list_parallel,5000,53,2,1.040596768
openmp_tile_list_parallel,5000,53,3,1.037362635
openmp_tile_list_parallel,5000,53,4,1.028287497
openmp_tile_list_parallel,5000,54,0,1.016695085
openmp_tile_list_parallel,5000,54,1,1.016665095
openmp_tile_list_parallel,5000,54,2,1.029848913
openmp_tile_list_parallel,5000,54,3,1.025828048
openmp_tile_list_parallel,5000,54,4,1.037603211
openmp_tile_list_parallel,5000,55,0,1.017455098
openmp_tile_list_parallel,5000,55,1,1.024435717
openmp_tile_list_parallel,5000,55,2,1.017364798
openmp_tile_list_parallel,5000,55,3,1.028013108
openmp_tile_list_parallel,5000,55,4,1.020347939
openmp_tile_list_parallel,5000,56,0,1.016632285
openmp_tile_list_parallel,5000,56,1,1.00350005
openmp_tile_list_parallel,5000,56,2,1.020129223
openmp_tile_list_parallel,5000,56,3,1.004811385
openmp_tile_list_parallel,5000,56,4,1.01198586
openmp_tile_list_parallel,5000,57,0,1.00946079
openmp_tile_list_parallel,5000,57,1,1.019191717
openmp_tile_list_parallel,5000,57,2,1.004202991
openmp_tile_list_parallel,5000,57,3,1.01608574
openmp_tile_list_parallel,5000,57,4,1.018431724
openmp_tile_list_parallel,5000,58,0,1.009625032
openmp_tile_list_parallel,5000,58,1,0.996328304
openmp_tile_list_parallel,5000,58,2,1.007650665
openmp_tile_list_parallel,5000,58,3,1.003820209
openmp_tile_list_parallel,5000,58,4,1.006863665
openmp_tile_list_parallel,5000,59,0,0.999713973
openmp_tile_list_parallel,5000,59,1,1.017308658
openmp_tile_list_parallel,5000,59,2,0.992069434
openmp_tile_list_parallel,5000,59,3,1.001126026
openmp_tile_list_parallel,5000,59,4,0.998997164
openmp_tile_list_parallel,5000,60,0,1.006209482
openmp_tile_list_parallel,5000,60,1,0.984030734
openmp_tile_list_parallel,5000,60,2,0.996656643
openmp_tile_list_parallel,5000,60,3,0.994799645
openmp_tile_list_parallel,5000,60,4,0.998585519
openmp_tile_list_parallel,5000,61,0,1.002128174
openmp_tile_list_parallel,5000,61,1,1.003151622
openmp_tile_list_parallel,5000,61,2,0.993329762
openmp_tile_list_parallel,5000,61,3,1.000492798
openmp_tile_list_parallel,5000,61,4,1.001675414
openmp_tile_list_parallel,5000,62,0,0.989008565
openmp_tile_list_parallel,5000,62,1,0.988053162
openmp_tile_list_parallel,5000,62,2,0.996601844
openmp_tile_list_parallel,5000,62,3,0.980355842
openmp_tile_list_parallel,5000,62,4,1.000325867
openmp_tile_list_parallel,5000,63,0,0.992773271
openmp_tile_list_parallel,5000,63,1,0.995745256
openmp_tile_list_parallel,5000,63,2,0.982357476
openmp_tile_list_parallel,5000,63,3,0.993658292
openmp_tile_list_parallel,5000,63,4,0.981152664
openmp_tile_list_parallel,5000,64,0,0.997197974
openmp_tile_list_parallel,5000,64,1,0.984322566
openmp_tile_list_parallel,5000,64,2,0.991412285
openmp_tile_list_parallel,5000,64,3,0.98467211
openmp_tile_list_parallel,5000,64,4,0.989116417
openmp_tile_list_parallel,5000,65,0,0.983746791
openmp_tile_list_parallel,5000,65,1,0.984828625
openmp_tile_list_parallel,5000,65,2,0.983375085
openmp_tile_list_parallel,5000,65,3,0.986532487
openmp_tile_list_parallel,5000,65,4,0.983624174
openmp_tile_list_parallel,5000,66,0,0.978063604
openmp_tile_list_parallel,5000,66,1,0.980674449
openmp_tile_list_parallel,5000,66,2,0.985638537
openmp_tile_list_parallel,5000,66,3,0.975167264
openmp_tile_list_parallel,5000,66,4,0.973066863
openmp_tile_list_parallel,5000,67,0,0.98741026
openmp_tile_list_parallel,5000,67,1,0.993038747
openmp_tile_list_parallel,5000,67,2,0.979054579
openmp_tile_list_parallel,5000,67,3,0.988882181
openmp_tile_list_parallel,5000,67,4,0.978315827
openmp_tile_list_parallel,5000,68,0,0.978906151
openmp_tile_list_parallel,5000,68,1,0.97536942
openmp_tile_list_parallel,5000,68,2,0.976496621
openmp_tile_list_parallel,5000,68,3,0.973675426
openmp_tile_list_parallel,5000,68,4,0.985965379
openmp_tile_list_parallel,5000,69,0,0.964598553
openmp_tile_list_parallel,5000,69,1,0.978215765
openmp_tile_list_parallel,5000,69,2,0.965368524
openmp_tile_list_parallel,5000,69,3,0.983168215
openmp_tile_list_parallel,5000,69,4,0.976600671
openmp_tile_list_parallel,5000,70,0,0.971669
openmp_tile_list_parallel,5000,70,1,0.967301806
openmp_tile_list_parallel,5000,70,2,0.970046623
openmp_tile_list_parallel,5000,70,3,0.96376026
openmp_tile_list_parallel,5000,70,4,0.976490695
openmp_tile_list_parallel,5000,71,0,0.964977387
openmp_tile_list_parallel,5000,71,1,0.968570619
openmp_tile_list_parallel,5000,71,2,0.961994708
openmp_tile_list_parallel,5000,71,3,0.971732296
openmp_tile_list_parallel,5000,71,4,0.967500873
openmp_tile_list_parallel,5000,72,0,0.962355565
openmp_tile_list_parallel,5000,72,1,0.955247548
openmp_tile_list_parallel,5000,72,2,0.965844744
openmp_tile_list_parallel,5000,72,3,0.957976706
openmp_tile_list_parallel,5000,72,4,0.966040842
openmp_tile_list_parallel,5000,73,0,0.953594018
openmp_tile_list_parallel,5000,73,1,0.974663191
openmp_tile_list_parallel,5000,73,2,0.960330531
openmp_tile_list_parallel,5000,73,3,0.966627909
openmp_tile_list_parallel,5000,73,4,0.953663089
openmp_tile_list_parallel,5000,74,0,0.958708331
openmp_tile_list_parallel,5000,74,1,0.951694879
openmp_tile_list_parallel,5000,74,2,0.955618669
openmp_tile_list_parallel,5000,74,3,0.942973423
openmp_tile_list_parallel,5000,74,4,0.961025758
openmp_tile_list_parallel,5000,75,0,0.95931737
openmp_tile_list_parallel,5000,75,1,0.949078382
openmp_tile_list_parallel,5000,75,2,0.949860864
openmp_tile_list_parallel,5000,75,3,0.957754065
openmp_tile_list_parallel,5000,75,4,0.953054102
openmp_tile_list_parallel,5000,76,0,0.942620213
openmp_tile_list_parallel,5000,76,1,0.948360576
openmp_tile_list_parallel,5000,76,2,0.946307681
openmp_tile_list_parallel,5000,76,3,0.939995345
openmp_tile_list_parallel,5000,76,4,0.946750953
openmp_task_dag_blocked,5000,1,0,4.609813567
openmp_task_dag_blocked,5000,1,1,4.593312004
openmp_task_dag_blocked,5000,1,2,4.598364505
openmp_task_dag_blocked,5000,1,3,4.601801097
openmp_task_dag_blocked,5000,1,4,4.60074213
openmp_task_dag_blocked,5000,2,0,2.317727853
openmp_task_dag_blocked,5000,2,1,2.324949824
openmp_task_dag_blocked,5000,2,2,2.320261593
openmp_task_dag_blocked,5000,2,3,2.331280774
openmp_task_dag_blocked,5000,2,4,2.334854041
openmp_task_dag_blocked,5000,3,0,1.644292173
openmp_task_dag_blocked,5000,3,1,1.631161038
openmp_task_dag_blocked,5000,3,2,1.642164345
openmp_task_dag_blocked,5000,3,3,1.636455478
openmp_task_dag_blocked,5000,3,4,1.644432852
openmp_task_dag_blocked,5000,4,0,1.26256506
openmp_task_dag_blocked,5000,4,1,1.270188383
openmp_task_dag_blocked,5000,4,2,1.267530289
openmp_task_dag_blocked,5000,4,3,1.259661077
openmp_task_dag_blocked,5000,4,4,1.26008035
openmp_task_dag_blocked,5000,5,0,1.017631429
openmp_task_dag_blocked,5000,5,1,1.016172181
openmp_task_dag_blocked,5000,5,2,1.02428753
openmp_task_dag_blocked,5000,5,3,1.016327202
openmp_task_dag_blocked,5000,5,4,1.018019265
openmp_task_dag_blocked,5000,6,0,0.859698868
openmp_task_dag_blocked,5000,6,1,0.85566905
openmp_task_dag_blocked,5000,6,2,0.859422559
openmp_task_dag_blocked,5000,6,3,0.853681367
openmp_task_dag_blocked,5000,6,4,0.858441405
openmp_task_dag_blocked,5000,7,0,0.744933743
openmp_task_dag_blocked,5000,7,1,0.74815299
openmp_task_dag_blocked,5000,7,2,0.750947589
openmp_task_dag_blocked,5000,7,3,0.745976963
openmp_task_dag_blocked,5000,7,4,0.747223307
openmp_task_dag_blocked,5000,8,0,0.661073644
openmp_task_dag_blocked,5000,8,1,0.657234716
openmp_task_dag_blocked,5000,8,2,0.658255673
openmp_task_dag_blocked,5000,8,3,0.658790868
openmp_task_dag_blocked,5000,8,4,0.660758971
openmp_task_dag_blocked,5000,9,0,0.591870072
openmp_task_dag_blocked,5000,9,1,0.594632188
openmp_task_dag_blocked,5000,9,2,0.594083487
openmp_task_dag_blocked,5000,9,3,0.593013597
openmp_task_dag_blocked,5000,9,4,0.594924474
openmp_task_dag_blocked,5000,10,0,0.538788159
openmp_task_dag_blocked,5000,10,1,0.543087001
openmp_task_dag_blocked,5000,10,2,0.544025965
openmp_task_dag_blocked,5000,10,3,0.539268176
openmp_task_dag_blocked,5000,10,4,0.5415451
openmp_task_dag_blocked,5000,11,0,0.494674162
openmp_task_dag_blocked,5000,11,1,0.495109683
openmp_task_dag_blocked,5000,11,2,0.496119185
openmp_task_dag_blocked,5000,11,3,0.495903326
openmp_task_dag_blocked,5000,11,4,0.494853884
openmp_task_dag_blocked,5000,12,0,0.460392229
openmp_task_dag_blocked,5000,12,1,0.464587397
openmp_task_dag_blocked,5000,12,2,0.462849992
openmp_task_dag_blocked,5000,12,3,0.463615874
openmp_task_dag_blocked,5000,12,4,0.462475935
openmp_task_dag_blocked,5000,13,0,0.429979239
openmp_task_dag_blocked,5000,13,1,0.427259011
openmp_task_dag_blocked,5000,13,2,0.429957061
openmp_task_dag_blocked,5000,13,3,0.429643204
openmp_task_dag_blocked,5000,13,4,0.429711098
openmp_task_dag_blocked,5000,14,0,0.403895892
openmp_task_dag_blocked,5000,14,1,0.405152285
openmp_task_dag_blocked,5000,14,2,0.403812771
openmp_task_dag_blocked,5000,14,3,0.403331226
openmp_task_dag_blocked,5000,14,4,0.404858714
openmp_task_dag_blocked,5000,15,0,0.378310621
openmp_task_dag_blocked,5000,15,1,0.377905691
openmp_task_dag_blocked,5000,15,2,0.380048716
openmp_task_dag_blocked,5000,15,3,0.377586696
openmp_task_dag_blocked,5000,15,4,0.378566238
openmp_task_dag_blocked,5000,16,0,0.361853276
openmp_task_dag_blocked,5000,16,1,0.361612684
openmp_task_dag_blocked,5000,16,2,0.361493098
openmp_task_dag_blocked,5000,16,3,0.364154047
openmp_task_dag_blocked,5000,16,4,0.363832312
openmp_task_dag_blocked,5000,17,0,0.339512571
openmp_task_dag_blocked,5000,17,1,0.342397059
openmp_task_dag_blocked,5000,17,2,0.342515017
openmp_task_dag_blocked,5000,17,3,0.341560867
openmp_task_dag_blocked,5000,17,4,0.341950108
openmp_task_dag_blocked,5000,18,0,0.326268421
openmp_task_dag_blocked,5000,18,1,0.325762339
openmp_task_dag_blocked,5000,18,2,0.325685394
openmp_task_dag_blocked,5000,18,3,0.327647322
openmp_task_dag_blocked,5000,18,4,0.325973276
openmp_task_dag_blocked,5000,19,0,0.311028735
openmp_task_dag_blocked,5000,19,1,0.311773527
openmp_task_dag_blocked,5000,19,2,0.311372932
openmp_task_dag_blocked,5000,19,3,0.31226663
openmp_task_dag_blocked,5000,19,4,0.310599469
openmp_task_dag_blocked,5000,20,0,0.299669789
openmp_task_dag_blocked,5000,20,1,0.298567975
openmp_task_dag_blocked,5000,20,2,0.299745012
openmp_task_dag_blocked,5000,20,3,0.29954579
openmp_task_dag_blocked,5000,20,4,0.299627948
openmp_task_dag_blocked,5000,21,0,0.289379433
openmp_task_dag_blocked,5000,21,1,0.288787362
openmp_task_dag_blocked,5000,21,2,0.289204608
openmp_task_dag_blocked,5000,21,3,0.289882182
openmp_task_dag_blocked,5000,21,4,0.28716277
openmp_task_dag_blocked,5000,22,0,0.276361854
openmp_task_dag_blocked,5000,22,1,0.275885366
openmp_task_dag_blocked,5000,22,2,0.276291198
openmp_task_dag_blocked,5000,22,3,0.277347256
openmp_task_dag_blocked,5000,22,4,0.278405414
openmp_task_dag_blocked,5000,23,0,0.26808847
openmp_task_dag_blocked,5000,23,1,0.268725606
openmp_task_dag_blocked,5000,23,2,0.26937069
openmp_task_dag_blocked,5000,23,3,0.269130191
openmp_task_dag_blocked,5000,23,4,0.269711323
openmp_task_dag_blocked,5000,24,0,0.259553023
openmp_task_dag_blocked,5000,24,1,0.260812285
openmp_task_dag_blocked,5000,24,2,0.259414335
openmp_task_dag_blocked,5000,24,3,0.258903078
openmp_task_dag_blocked,5000,24,4,0.258878897
openmp_task_dag_blocked,5000,25,0,0.252139381
openmp_task_dag_blocked,5000,25,1,0.25093223
openmp_task_dag_blocked,5000,25,2,0.250392699
openmp_task_dag_blocked,5000,25,3,0.252703366
openmp_task_dag_blocked,5000,25,4,0.251488714
openmp_task_dag_blocked,5000,26,0,0.243793413
openmp_task_dag_blocked,5000,26,1,0.243894854
openmp_task_dag_blocked,5000,26,2,0.245546682
openmp_task_dag_blocked,5000,26,3,0.245806943
openmp_task_dag_blocked,5000,26,4,0.245404107
openmp_task_dag_blocked,5000,27,0,0.236458751
openmp_task_dag_blocked,5000,27,1,0.236177498
openmp_task_dag_blocked,5000,27,2,0.235006364
openmp_task_dag_blocked,5000,27,3,0.236722185
openmp_task_dag_blocked,5000,27,4,0.235229438
openmp_task_dag_blocked,5000,28,0,0.232506079
openmp_task_dag_blocked,5000,28,1,0.232132174
openmp_task_dag_blocked,5000,28,2,0.233882017
openmp_task_dag_blocked,5000,28,3,0.232676234
openmp_task_dag_blocked,5000,28,4,0.232293946
openmp_task_dag_blocked,5000,29,0,0.227914547
openmp_task_dag_blocked,5000,29,1,0.2290022
openmp_task_dag_blocked,5000,29,2,0.226906013
openmp_task_dag_blocked,5000,29,3,0.227871683
openmp_task_dag_blocked,5000,29,4,0.226984016
openmp_task_dag_blocked,5000,30,0,0.222774351
openmp_task_dag_blocked,5000,30,1,0.223502221
openmp_task_dag_blocked,5000,30,2,0.223256033
openmp_task_dag_blocked,5000,30,3,0.222532534
openmp_task_dag_blocked,5000,30,4,0.223879841
openmp_task_dag_blocked,5000,31,0,0.217867707
openmp_task_dag_blocked,5000,31,1,0.21832729
openmp_task_dag_blocked,5000,31,2,0.218329054
openmp_task_dag_blocked,5000,31,3,0.218159494
openmp_task_dag_blocked,5000,31,4,0.216888469
openmp_task_dag_blocked,5000,32,0,0.21356913
openmp_task_dag_blocked,5000,32,1,0.213970314
openmp_task_dag_blocked,5000,32,2,0.215115962
openmp_task_dag_blocked,5000,32,3,0.21320516
openmp_task_dag_blocked,5000,32,4,0.213481166
openmp_task_dag_blocked,5000,33,0,0.210239608
openmp_task_dag_blocked,5000,33,1,0.20887149
openmp_task_dag_blocked,5000,33,2,0.210051864
openmp_task_dag_blocked,5000,33,3,0.209777698
openmp_task_dag_blocked,5000,33,4,0.208637196
openmp_task_dag_blocked,5000,34,0,0.206306718
openmp_task_dag_blocked,5000,34,1,0.206614552
openmp_task_dag_blocked,5000,34,2,0.206661211
openmp_task_dag_blocked,5000,34,3,0.20646995
openmp_task_dag_blocked,5000,34,4,0.205495791
openmp_task_dag_blocked,5000,35,0,0.203282711
openmp_task_dag_blocked,5000,35,1,0.202199369
openmp_task_dag_blocked,5000,35,2,0.202337118
openmp_task_dag_blocked,5000,35,3,0.203349676
openmp_task_dag_blocked,5000,35,4,0.202110169
openmp_task_dag_blocked,5000,36,0,0.197756114
openmp_task_dag_blocked,5000,36,1,0.198546504
openmp_task_dag_blocked,5000,36,2,0.19714028
openmp_task_dag_blocked,5000,36,3,0.198160013
openmp_task_dag_blocked,5000,36,4,0.198411657
openmp_task_dag_blocked,5000,37,0,0.195657439
openmp_task_dag_blocked,5000,37,1,0.195757683
openmp_task_dag_blocked,5000,37,2,0.194384273
openmp_task_dag_blocked,5000,37,3,0.195416933
openmp_task_dag_blocked,5000,37,4,0.195055714
openmp_task_dag_blocked,5000,38,0,0.193096805
openmp_task_dag_blocked,5000,38,1,0.193079775
openmp_task_dag_blocked,5000,38,2,0.191568789
openmp_task_dag_blocked,5000,38,3,0.192520333
openmp_task_dag_blocked,5000,38,4,0.192072289
openmp_task_dag_blocked,5000,39,0,0.190245509
openmp_task_dag_blocked,5000,39,1,0.191501558
openmp_task_dag_blocked,5000,39,2,0.191370987
openmp_task_dag_blocked,5000,39,3,0.19179671
openmp_task_dag_blocked,5000,39,4,0.191717874
openmp_task_dag_blocked,5000,40,0,0.188602656
openmp_task_dag_blocked,5000,40,1,0.18798416
openmp_task_dag_blocked,5000,40,2,0.188182382
openmp_task_dag_blocked,5000,40,3,0.188069294
openmp_task_dag_blocked,5000,40,4,0.189496097
openmp_task_dag_blocked,5000,41,0,0.189253055
openmp_task_dag_blocked,5000,41,1,0.188561578
openmp_task_dag_blocked,5000,41,2,0.18967573
openmp_task_dag_blocked,5000,41,3,0.18808613
openmp_task_dag_blocked,5000,41,4,0.189569203
openmp_task_dag_blocked,5000,42,0,0.186247945
openmp_task_dag_blocked,5000,42,1,0.185921274
openmp_task_dag_blocked,5000,42,2,0.185863204
openmp_task_dag_blocked,5000,42,3,0.185895035
openmp_task_dag_blocked,5000,42,4,0.186404306
openmp_task_dag_blocked,5000,43,0,0.186668434
openmp_task_dag_blocked,5000,43,1,0.184919892
openmp_task_dag_blocked,5000,43,2,0.185482132
openmp_task_dag_blocked,5000,43,3,0.185794349
openmp_task_dag_blocked,5000,43,4,0.185375975
openmp_task_dag_blocked,5000,44,0,0.183928254
openmp_task_dag_blocked,5000,44,1,0.182612982
openmp_task_dag_blocked,5000,44,2,0.182984425
openmp_task_dag_blocked,5000,44,3,0.182789622
openmp_task_dag_blocked,5000,44,4,0.18258613
openmp_task_dag_blocked,5000,45,0,0.182324616
openmp_task_dag_blocked,5000,45,1,0.181743572
openmp_task_dag_blocked,5000,45,2,0.181353792
openmp_task_dag_blocked,5000,45,3,0.181723565
openmp_task_dag_blocked,5000,45,4,0.18166947
openmp_task_dag_blocked,5000,46,0,0.179304316
openmp_task_dag_blocked,5000,46,1,0.179428641
openmp_task_dag_blocked,5000,46,2,0.180592467
openmp_task_dag_blocked,5000,46,3,0.179696768
openmp_task_dag_blocked,5000,46,4,0.179850825
openmp_task_dag_blocked,5000,47,0,0.176657027
openmp_task_dag_blocked,5000,47,1,0.177517985
openmp_task_dag_blocked,5000,47,2,0.177133202
openmp_task_dag_blocked,5000,47,3,0.176161478
openmp_task_dag_blocked,5000,47,4,0.177719161
openmp_task_dag_blocked,5000,48,0,0.175996685
openmp_task_dag_blocked,5000,48,1,0.175391094
openmp_task_dag_blocked,5000,48,2,0.175685286
openmp_task_dag_blocked,5000,48,3,0.176617149
openmp_task_dag_blocked,5000,48,4,0.17612091
openmp_task_dag_blocked,5000,49,0,0.174265254
openmp_task_dag_blocked,5000,49,1,0.173792518
openmp_task_dag_blocked,5000,49,2,0.173838399
openmp_task_dag_blocked,5000,49,3,0.172921773
openmp_task_dag_blocked,5000,49,4,0.173253319
openmp_task_dag_blocked,5000,50,0,0.181265713
openmp_task_dag_blocked,5000,50,1,0.179993076
openmp_task_dag_blocked,5000,50,2,0.180611455
openmp_task_dag_blocked,5000,50,3,0.181246931
openmp_task_dag_blocked,5000,50,4,0.180257724
openmp_task_dag_blocked,5000,51,0,0.176442731
openmp_task_dag_blocked,5000,51,1,0.175705077
openmp_task_dag_blocked,5000,51,2,0.175733309
openmp_task_dag_blocked,5000,51,3,0.175826982
openmp_task_dag_blocked,5000,51,4,0.175859135
openmp_task_dag_blocked,5000,52,0,0.172696441
openmp_task_dag_blocked,5000,52,1,0.172342317
openmp_task_dag_blocked,5000,52,2,0.171277822
openmp_task_dag_blocked,5000,52,3,0.171346231
openmp_task_dag_blocked,5000,52,4,0.172479892
openmp_task_dag_blocked,5000,53,0,0.170090925
openmp_task_dag_blocked,5000,53,1,0.1700884
openmp_task_dag_blocked,5000,53,2,0.169574101
openmp_task_dag_blocked,5000,53,3,0.169140214
openmp_task_dag_blocked,5000,53,4,0.169023901
openmp_task_dag_blocked,5000,54,0,0.167102913
openmp_task_dag_blocked,5000,54,1,0.166729469
openmp_task_dag_blocked,5000,54,2,0.166263699
openmp_task_dag_blocked,5000,54,3,0.166174415
openmp_task_dag_blocked,5000,54,4,0.165790218
openmp_task_dag_blocked,5000,55,0,0.166144226
openmp_task_dag_blocked,5000,55,1,0.165673484
openmp_task_dag_blocked,5000,55,2,0.165936315
openmp_task_dag_blocked,5000,55,3,0.165457022
openmp_task_dag_blocked,5000,55,4,0.167010169
openmp_task_dag_blocked,5000,56,0,0.163252142
openmp_task_dag_blocked,5000,56,1,0.163781252
openmp_task_dag_blocked,5000,56,2,0.163662281
openmp_task_dag_blocked,5000,56,3,0.162895902
openmp_task_dag_blocked,5000,56,4,0.164044505
openmp_task_dag_blocked,5000,57,0,0.163455951
openmp_task_dag_blocked,5000,57,1,0.163701648
openmp_task_dag_blocked,5000,57,2,0.163707139
openmp_task_dag_blocked,5000,57,3,0.163558884
openmp_task_dag_blocked,5000,57,4,0.163014422
openmp_task_dag_blocked,5000,58,0,0.164124789
openmp_task_dag_blocked,5000,58,1,0.164159275
openmp_task_dag_blocked,5000,58,2,0.16449255
openmp_task_dag_blocked,5000,58,3,0.164679791
openmp_task_dag_blocked,5000,58,4,0.164808783
openmp_task_dag_blocked,5000,59,0,0.16481561
openmp_task_dag_blocked,5000,59,1,0.164550792
openmp_task_dag_blocked,5000,59,2,0.165742919
openmp_task_dag_blocked,5000,59,3,0.164744716
openmp_task_dag_blocked,5000,59,4,0.165489763
openmp_task_dag_blocked,5000,60,0,0.163331278
openmp_task_dag_blocked,5000,60,1,0.163318134
openmp_task_dag_blocked,5000,60,2,0.163621682
openmp_task_dag_blocked,5000,60,3,0.162889804
openmp_task_dag_blocked,5000,60,4,0.1628151
openmp_task_dag_blocked,5000,61,0,0.160937594
openmp_task_dag_blocked,5000,61,1,0.161787471
openmp_task_dag_blocked,5000,61,2,0.161697049
openmp_task_dag_blocked,5000,61,3,0.16058554
openmp_task_dag_blocked,5000,61,4,0.160745917
openmp_task_dag_blocked,5000,62,0,0.159620794
openmp_task_dag_blocked,5000,62,1,0.16028134
openmp_task_dag_blocked,5000,62,2,0.159617757
openmp_task_dag_blocked,5000,62,3,0.16028682
openmp_task_dag_blocked,5000,62,4,0.159848121
openmp_task_dag_blocked,5000,63,0,0.160626218
openmp_task_dag_blocked,5000,63,1,0.161228346
openmp_task_dag_blocked,5000,63,2,0.160977084
openmp_task_dag_blocked,5000,63,3,0.161479372
openmp_task_dag_blocked,5000,63,4,0.161042033
openmp_task_dag_blocked,5000,64,0,0.161170584
openmp_task_dag_blocked,5000,64,1,0.160631513
openmp_task_dag_blocked,5000,64,2,0.160936228
openmp_task_dag_blocked,5000,64,3,0.160648539
openmp_task_dag_blocked,5000,64,4,0.16160929
openmp_task_dag_blocked,5000,65,0,0.159072515
openmp_task_dag_blocked,5000,65,1,0.15919196
openmp_task_dag_blocked,5000,65,2,0.159800087
openmp_task_dag_blocked,5000,65,3,0.160281055
openmp_task_dag_blocked,5000,65,4,0.158982151
openmp_task_dag_blocked,5000,66,0,0.158678709
openmp_task_dag_blocked,5000,66,1,0.158532994
openmp_task_dag_blocked,5000,66,2,0.15889517
openmp_task_dag_blocked,5000,66,3,0.159184132
openmp_task_dag_blocked,5000,66,4,0.158739883
openmp_task_dag_blocked,5000,67,0,0.157810683
openmp_task_dag_blocked,5000,67,1,0.157852754
openmp_task_dag_blocked,5000,67,2,0.158290873
openmp_task_dag_blocked,5000,67,3,0.158505332
openmp_task_dag_blocked,5000,67,4,0.157455572
openmp_task_dag_blocked,5000,68,0,0.161479159
openmp_task_dag_blocked,5000,68,1,0.162373486
openmp_task_dag_blocked,5000,68,2,0.161896106
openmp_task_dag_blocked,5000,68,3,0.162065219
openmp_task_dag_blocked,5000,68,4,0.16161244
openmp_task_dag_blocked,5000,69,0,0.157330718
openmp_task_dag_blocked,5000,69,1,0.157523995
openmp_task_dag_blocked,5000,69,2,0.156809048
openmp_task_dag_blocked,5000,69,3,0.156071832
openmp_task_dag_blocked,5000,69,4,0.157151268
openmp_task_dag_blocked,5000,70,0,0.156536552
openmp_task_dag_blocked,5000,70,1,0.156472148
openmp_task_dag_blocked,5000,70,2,0.156744931
openmp_task_dag_blocked,5000,70,3,0.157035624
openmp_task_dag_blocked,5000,70,4,0.156734337
openmp_task_dag_blocked,5000,71,0,0.15997897
openmp_task_dag_blocked,5000,71,1,0.160474071
openmp_task_dag_blocked,5000,71,2,0.160036233
openmp_task_dag_blocked,5000,71,3,0.160391284
openmp_task_dag_blocked,5000,71,4,0.160128251
openmp_task_dag_blocked,5000,72,0,0.154643315
openmp_task_dag_blocked,5000,72,1,0.154399539
openmp_task_dag_blocked,5000,72,2,0.154497917
openmp_task_dag_blocked,5000,72,3,0.155110737
openmp_task_dag_blocked,5000,72,4,0.154470427
openmp_task_dag_blocked,5000,73,0,0.157775066
openmp_task_dag_blocked,5000,73,1,0.159277075
openmp_task_dag_blocked,5000,73,2,0.159251978
openmp_task_dag_blocked,5000,73,3,0.158564355
openmp_task_dag_blocked,5000,73,4,0.159051171
openmp_task_dag_blocked,5000,74,0,0.157558162
openmp_task_dag_blocked,5000,74,1,0.158231815
openmp_task_dag_blocked,5000,74,2,0.156977934
openmp_task_dag_blocked,5000,74,3,0.157983973
openmp_task_dag_blocked,5000,74,4,0.158070608
openmp_task_dag_blocked,5000,75,0,0.154204972
openmp_task_dag_blocked,5000,75,1,0.152803924
openmp_task_dag_blocked,5000,75,2,0.152828002
openmp_task_dag_blocked,5000,75,3,0.15384709
openmp_task_dag_blocked,5000,75,4,0.153788644
openmp_task_dag_blocked,5000,76,0,0.154815714
openmp_task_dag_blocked,5000,76,1,0.154324631
openmp_task_dag_blocked,5000,76,2,0.154901962
openmp_task_dag_blocked,5000,76,3,0.154496676
openmp_task_dag_blocked,5000,76,4,0.154042118